id,first_name,last_name,email,plain_password,company,country,role
1,TestUser001,Member,bulk.user001@tgstest.com,User@2026,Innovatech,United States,user
2,TestUser002,Member,bulk.user002@tgstest.com,User@2026,CloudScale,United Kingdom,user
3,TestUser003,Member,bulk.user003@tgstest.com,User@2026,GlobalData,Australia,user
4,TestUser004,Member,bulk.user004@tgstest.com,User@2026,EnterpriseAI,Canada,user
5,TestUser005,Member,bulk.user005@tgstest.com,User@2026,FinPulse,Germany,user
6,TestUser006,Member,bulk.user006@tgstest.com,User@2026,CyberShield,France,user
7,TestUser007,Member,bulk.user007@tgstest.com,User@2026,AlphaDigital,Singapore,user
8,TestUser008,Member,bulk.user008@tgstest.com,User@2026,TechCorp,India,user
9,TestUser009,Member,bulk.user009@tgstest.com,User@2026,Innovatech,United States,user
10,TestUser010,Member,bulk.user010@tgstest.com,User@2026,CloudScale,United Kingdom,user
11,TestUser011,Member,bulk.user011@tgstest.com,User@2026,GlobalData,Australia,user
12,TestUser012,Member,bulk.user012@tgstest.com,User@2026,EnterpriseAI,Canada,user
13,TestUser013,Member,bulk.user013@tgstest.com,User@2026,FinPulse,Germany,user
14,TestUser014,Member,bulk.user014@tgstest.com,User@2026,CyberShield,France,user
15,TestUser015,Member,bulk.user015@tgstest.com,User@2026,AlphaDigital,Singapore,user
16,TestUser016,Member,bulk.user016@tgstest.com,User@2026,TechCorp,India,user
17,TestUser017,Member,bulk.user017@tgstest.com,User@2026,Innovatech,United States,user
18,TestUser018,Member,bulk.user018@tgstest.com,User@2026,CloudScale,United Kingdom,user
19,TestUser019,Member,bulk.user019@tgstest.com,User@2026,GlobalData,Australia,user
20,TestUser020,Member,bulk.user020@tgstest.com,User@2026,EnterpriseAI,Canada,user
21,TestUser021,Member,bulk.user021@tgstest.com,User@2026,FinPulse,Germany,user
22,TestUser022,Member,bulk.user022@tgstest.com,User@2026,CyberShield,France,user
23,TestUser023,Member,bulk.user023@tgstest.com,User@2026,AlphaDigital,Singapore,user
24,TestUser024,Member,bulk.user024@tgstest.com,User@2026,TechCorp,India,user
25,TestUser025,Member,bulk.user025@tgstest.com,User@2026,Innovatech,United States,user
26,TestUser026,Member,bulk.user026@tgstest.com,User@2026,CloudScale,United Kingdom,user
27,TestUser027,Member,bulk.user027@tgstest.com,User@2026,GlobalData,Australia,user
28,TestUser028,Member,bulk.user028@tgstest.com,User@2026,EnterpriseAI,Canada,user
29,TestUser029,Member,bulk.user029@tgstest.com,User@2026,FinPulse,Germany,user
30,TestUser030,Member,bulk.user030@tgstest.com,User@2026,CyberShield,France,user
31,TestUser031,Member,bulk.user031@tgstest.com,User@2026,AlphaDigital,Singapore,user
32,TestUser032,Member,bulk.user032@tgstest.com,User@2026,TechCorp,India,user
33,TestUser033,Member,bulk.user033@tgstest.com,User@2026,Innovatech,United States,user
34,TestUser034,Member,bulk.user034@tgstest.com,User@2026,CloudScale,United Kingdom,user
35,TestUser035,Member,bulk.user035@tgstest.com,User@2026,GlobalData,Australia,user
36,TestUser036,Member,bulk.user036@tgstest.com,User@2026,EnterpriseAI,Canada,user
37,TestUser037,Member,bulk.user037@tgstest.com,User@2026,FinPulse,Germany,user
38,TestUser038,Member,bulk.user038@tgstest.com,User@2026,CyberShield,France,user
39,TestUser039,Member,bulk.user039@tgstest.com,User@2026,AlphaDigital,Singapore,user
40,TestUser040,Member,bulk.user040@tgstest.com,User@2026,TechCorp,India,user
41,TestUser041,Member,bulk.user041@tgstest.com,User@2026,Innovatech,United States,user
42,TestUser042,Member,bulk.user042@tgstest.com,User@2026,CloudScale,United Kingdom,user
43,TestUser043,Member,bulk.user043@tgstest.com,User@2026,GlobalData,Australia,user
44,TestUser044,Member,bulk.user044@tgstest.com,User@2026,EnterpriseAI,Canada,user
45,TestUser045,Member,bulk.user045@tgstest.com,User@2026,FinPulse,Germany,user
46,TestUser046,Member,bulk.user046@tgstest.com,User@2026,CyberShield,France,user
47,TestUser047,Member,bulk.user047@tgstest.com,User@2026,AlphaDigital,Singapore,user
48,TestUser048,Member,bulk.user048@tgstest.com,User@2026,TechCorp,India,user
49,TestUser049,Member,bulk.user049@tgstest.com,User@2026,Innovatech,United States,user
50,TestUser050,Member,bulk.user050@tgstest.com,User@2026,CloudScale,United Kingdom,user
51,TestUser051,Member,bulk.user051@tgstest.com,User@2026,GlobalData,Australia,user
52,TestUser052,Member,bulk.user052@tgstest.com,User@2026,EnterpriseAI,Canada,user
53,TestUser053,Member,bulk.user053@tgstest.com,User@2026,FinPulse,Germany,user
54,TestUser054,Member,bulk.user054@tgstest.com,User@2026,CyberShield,France,user
55,TestUser055,Member,bulk.user055@tgstest.com,User@2026,AlphaDigital,Singapore,user
56,TestUser056,Member,bulk.user056@tgstest.com,User@2026,TechCorp,India,user
57,TestUser057,Member,bulk.user057@tgstest.com,User@2026,Innovatech,United States,user
58,TestUser058,Member,bulk.user058@tgstest.com,User@2026,CloudScale,United Kingdom,user
59,TestUser059,Member,bulk.user059@tgstest.com,User@2026,GlobalData,Australia,user
60,TestUser060,Member,bulk.user060@tgstest.com,User@2026,EnterpriseAI,Canada,user
61,TestUser061,Member,bulk.user061@tgstest.com,User@2026,FinPulse,Germany,user
62,TestUser062,Member,bulk.user062@tgstest.com,User@2026,CyberShield,France,user
63,TestUser063,Member,bulk.user063@tgstest.com,User@2026,AlphaDigital,Singapore,user
64,TestUser064,Member,bulk.user064@tgstest.com,User@2026,TechCorp,India,user
65,TestUser065,Member,bulk.user065@tgstest.com,User@2026,Innovatech,United States,user
66,TestUser066,Member,bulk.user066@tgstest.com,User@2026,CloudScale,United Kingdom,user
67,TestUser067,Member,bulk.user067@tgstest.com,User@2026,GlobalData,Australia,user
68,TestUser068,Member,bulk.user068@tgstest.com,User@2026,EnterpriseAI,Canada,user
69,TestUser069,Member,bulk.user069@tgstest.com,User@2026,FinPulse,Germany,user
70,TestUser070,Member,bulk.user070@tgstest.com,User@2026,CyberShield,France,user
71,TestUser071,Member,bulk.user071@tgstest.com,User@2026,AlphaDigital,Singapore,user
72,TestUser072,Member,bulk.user072@tgstest.com,User@2026,TechCorp,India,user
73,TestUser073,Member,bulk.user073@tgstest.com,User@2026,Innovatech,United States,user
74,TestUser074,Member,bulk.user074@tgstest.com,User@2026,CloudScale,United Kingdom,user
75,TestUser075,Member,bulk.user075@tgstest.com,User@2026,GlobalData,Australia,user
76,TestUser076,Member,bulk.user076@tgstest.com,User@2026,EnterpriseAI,Canada,user
77,TestUser077,Member,bulk.user077@tgstest.com,User@2026,FinPulse,Germany,user
78,TestUser078,Member,bulk.user078@tgstest.com,User@2026,CyberShield,France,user
79,TestUser079,Member,bulk.user079@tgstest.com,User@2026,AlphaDigital,Singapore,user
80,TestUser080,Member,bulk.user080@tgstest.com,User@2026,TechCorp,India,user
81,TestUser081,Member,bulk.user081@tgstest.com,User@2026,Innovatech,United States,user
82,TestUser082,Member,bulk.user082@tgstest.com,User@2026,CloudScale,United Kingdom,user
83,TestUser083,Member,bulk.user083@tgstest.com,User@2026,GlobalData,Australia,user
84,TestUser084,Member,bulk.user084@tgstest.com,User@2026,EnterpriseAI,Canada,user
85,TestUser085,Member,bulk.user085@tgstest.com,User@2026,FinPulse,Germany,user
86,TestUser086,Member,bulk.user086@tgstest.com,User@2026,CyberShield,France,user
87,TestUser087,Member,bulk.user087@tgstest.com,User@2026,AlphaDigital,Singapore,user
88,TestUser088,Member,bulk.user088@tgstest.com,User@2026,TechCorp,India,user
89,TestUser089,Member,bulk.user089@tgstest.com,User@2026,Innovatech,United States,user
90,TestUser090,Member,bulk.user090@tgstest.com,User@2026,CloudScale,United Kingdom,user
91,TestUser091,Member,bulk.user091@tgstest.com,User@2026,GlobalData,Australia,user
92,TestUser092,Member,bulk.user092@tgstest.com,User@2026,EnterpriseAI,Canada,user
93,TestUser093,Member,bulk.user093@tgstest.com,User@2026,FinPulse,Germany,user
94,TestUser094,Member,bulk.user094@tgstest.com,User@2026,CyberShield,France,user
95,TestUser095,Member,bulk.user095@tgstest.com,User@2026,AlphaDigital,Singapore,user
96,TestUser096,Member,bulk.user096@tgstest.com,User@2026,TechCorp,India,user
97,TestUser097,Member,bulk.user097@tgstest.com,User@2026,Innovatech,United States,user
98,TestUser098,Member,bulk.user098@tgstest.com,User@2026,CloudScale,United Kingdom,user
99,TestUser099,Member,bulk.user099@tgstest.com,User@2026,GlobalData,Australia,user
100,TestUser100,Member,bulk.user100@tgstest.com,User@2026,EnterpriseAI,Canada,user
101,TestUser101,Member,bulk.user101@tgstest.com,User@2026,FinPulse,Germany,user
102,TestUser102,Member,bulk.user102@tgstest.com,User@2026,CyberShield,France,user
103,TestUser103,Member,bulk.user103@tgstest.com,User@2026,AlphaDigital,Singapore,user
104,TestUser104,Member,bulk.user104@tgstest.com,User@2026,TechCorp,India,user
105,TestUser105,Member,bulk.user105@tgstest.com,User@2026,Innovatech,United States,user
106,TestUser106,Member,bulk.user106@tgstest.com,User@2026,CloudScale,United Kingdom,user
107,TestUser107,Member,bulk.user107@tgstest.com,User@2026,GlobalData,Australia,user
108,TestUser108,Member,bulk.user108@tgstest.com,User@2026,EnterpriseAI,Canada,user
109,TestUser109,Member,bulk.user109@tgstest.com,User@2026,FinPulse,Germany,user
110,TestUser110,Member,bulk.user110@tgstest.com,User@2026,CyberShield,France,user
111,TestUser111,Member,bulk.user111@tgstest.com,User@2026,AlphaDigital,Singapore,user
112,TestUser112,Member,bulk.user112@tgstest.com,User@2026,TechCorp,India,user
113,TestUser113,Member,bulk.user113@tgstest.com,User@2026,Innovatech,United States,user
114,TestUser114,Member,bulk.user114@tgstest.com,User@2026,CloudScale,United Kingdom,user
115,TestUser115,Member,bulk.user115@tgstest.com,User@2026,GlobalData,Australia,user
116,TestUser116,Member,bulk.user116@tgstest.com,User@2026,EnterpriseAI,Canada,user
117,TestUser117,Member,bulk.user117@tgstest.com,User@2026,FinPulse,Germany,user
118,TestUser118,Member,bulk.user118@tgstest.com,User@2026,CyberShield,France,user
119,TestUser119,Member,bulk.user119@tgstest.com,User@2026,AlphaDigital,Singapore,user
120,TestUser120,Member,bulk.user120@tgstest.com,User@2026,TechCorp,India,user
121,TestUser121,Member,bulk.user121@tgstest.com,User@2026,Innovatech,United States,user
122,TestUser122,Member,bulk.user122@tgstest.com,User@2026,CloudScale,United Kingdom,user
123,TestUser123,Member,bulk.user123@tgstest.com,User@2026,GlobalData,Australia,user
124,TestUser124,Member,bulk.user124@tgstest.com,User@2026,EnterpriseAI,Canada,user
125,TestUser125,Member,bulk.user125@tgstest.com,User@2026,FinPulse,Germany,user
126,TestUser126,Member,bulk.user126@tgstest.com,User@2026,CyberShield,France,user
127,TestUser127,Member,bulk.user127@tgstest.com,User@2026,AlphaDigital,Singapore,user
128,TestUser128,Member,bulk.user128@tgstest.com,User@2026,TechCorp,India,user
129,TestUser129,Member,bulk.user129@tgstest.com,User@2026,Innovatech,United States,user
130,TestUser130,Member,bulk.user130@tgstest.com,User@2026,CloudScale,United Kingdom,user
131,TestUser131,Member,bulk.user131@tgstest.com,User@2026,GlobalData,Australia,user
132,TestUser132,Member,bulk.user132@tgstest.com,User@2026,EnterpriseAI,Canada,user
133,TestUser133,Member,bulk.user133@tgstest.com,User@2026,FinPulse,Germany,user
134,TestUser134,Member,bulk.user134@tgstest.com,User@2026,CyberShield,France,user
135,TestUser135,Member,bulk.user135@tgstest.com,User@2026,AlphaDigital,Singapore,user
136,TestUser136,Member,bulk.user136@tgstest.com,User@2026,TechCorp,India,user
137,TestUser137,Member,bulk.user137@tgstest.com,User@2026,Innovatech,United States,user
138,TestUser138,Member,bulk.user138@tgstest.com,User@2026,CloudScale,United Kingdom,user
139,TestUser139,Member,bulk.user139@tgstest.com,User@2026,GlobalData,Australia,user
140,TestUser140,Member,bulk.user140@tgstest.com,User@2026,EnterpriseAI,Canada,user
141,TestUser141,Member,bulk.user141@tgstest.com,User@2026,FinPulse,Germany,user
142,TestUser142,Member,bulk.user142@tgstest.com,User@2026,CyberShield,France,user
143,TestUser143,Member,bulk.user143@tgstest.com,User@2026,AlphaDigital,Singapore,user
144,TestUser144,Member,bulk.user144@tgstest.com,User@2026,TechCorp,India,user
145,TestUser145,Member,bulk.user145@tgstest.com,User@2026,Innovatech,United States,user
146,TestUser146,Member,bulk.user146@tgstest.com,User@2026,CloudScale,United Kingdom,user
147,TestUser147,Member,bulk.user147@tgstest.com,User@2026,GlobalData,Australia,user
148,TestUser148,Member,bulk.user148@tgstest.com,User@2026,EnterpriseAI,Canada,user
149,TestUser149,Member,bulk.user149@tgstest.com,User@2026,FinPulse,Germany,user
150,TestUser150,Member,bulk.user150@tgstest.com,User@2026,CyberShield,France,user
151,TestUser151,Member,bulk.user151@tgstest.com,User@2026,AlphaDigital,Singapore,user
152,TestUser152,Member,bulk.user152@tgstest.com,User@2026,TechCorp,India,user
153,TestUser153,Member,bulk.user153@tgstest.com,User@2026,Innovatech,United States,user
154,TestUser154,Member,bulk.user154@tgstest.com,User@2026,CloudScale,United Kingdom,user
155,TestUser155,Member,bulk.user155@tgstest.com,User@2026,GlobalData,Australia,user
156,TestUser156,Member,bulk.user156@tgstest.com,User@2026,EnterpriseAI,Canada,user
157,TestUser157,Member,bulk.user157@tgstest.com,User@2026,FinPulse,Germany,user
158,TestUser158,Member,bulk.user158@tgstest.com,User@2026,CyberShield,France,user
159,TestUser159,Member,bulk.user159@tgstest.com,User@2026,AlphaDigital,Singapore,user
160,TestUser160,Member,bulk.user160@tgstest.com,User@2026,TechCorp,India,user
161,TestUser161,Member,bulk.user161@tgstest.com,User@2026,Innovatech,United States,user
162,TestUser162,Member,bulk.user162@tgstest.com,User@2026,CloudScale,United Kingdom,user
163,TestUser163,Member,bulk.user163@tgstest.com,User@2026,GlobalData,Australia,user
164,TestUser164,Member,bulk.user164@tgstest.com,User@2026,EnterpriseAI,Canada,user
165,TestUser165,Member,bulk.user165@tgstest.com,User@2026,FinPulse,Germany,user
166,TestUser166,Member,bulk.user166@tgstest.com,User@2026,CyberShield,France,user
167,TestUser167,Member,bulk.user167@tgstest.com,User@2026,AlphaDigital,Singapore,user
168,TestUser168,Member,bulk.user168@tgstest.com,User@2026,TechCorp,India,user
169,TestUser169,Member,bulk.user169@tgstest.com,User@2026,Innovatech,United States,user
170,TestUser170,Member,bulk.user170@tgstest.com,User@2026,CloudScale,United Kingdom,user
171,TestUser171,Member,bulk.user171@tgstest.com,User@2026,GlobalData,Australia,user
172,TestUser172,Member,bulk.user172@tgstest.com,User@2026,EnterpriseAI,Canada,user
173,TestUser173,Member,bulk.user173@tgstest.com,User@2026,FinPulse,Germany,user
174,TestUser174,Member,bulk.user174@tgstest.com,User@2026,CyberShield,France,user
175,TestUser175,Member,bulk.user175@tgstest.com,User@2026,AlphaDigital,Singapore,user
176,TestUser176,Member,bulk.user176@tgstest.com,User@2026,TechCorp,India,user
177,TestUser177,Member,bulk.user177@tgstest.com,User@2026,Innovatech,United States,user
178,TestUser178,Member,bulk.user178@tgstest.com,User@2026,CloudScale,United Kingdom,user
179,TestUser179,Member,bulk.user179@tgstest.com,User@2026,GlobalData,Australia,user
180,TestUser180,Member,bulk.user180@tgstest.com,User@2026,EnterpriseAI,Canada,user
181,TestUser181,Member,bulk.user181@tgstest.com,User@2026,FinPulse,Germany,user
182,TestUser182,Member,bulk.user182@tgstest.com,User@2026,CyberShield,France,user
183,TestUser183,Member,bulk.user183@tgstest.com,User@2026,AlphaDigital,Singapore,user
184,TestUser184,Member,bulk.user184@tgstest.com,User@2026,TechCorp,India,user
185,TestUser185,Member,bulk.user185@tgstest.com,User@2026,Innovatech,United States,user
186,TestUser186,Member,bulk.user186@tgstest.com,User@2026,CloudScale,United Kingdom,user
187,TestUser187,Member,bulk.user187@tgstest.com,User@2026,GlobalData,Australia,user
188,TestUser188,Member,bulk.user188@tgstest.com,User@2026,EnterpriseAI,Canada,user
189,TestUser189,Member,bulk.user189@tgstest.com,User@2026,FinPulse,Germany,user
190,TestUser190,Member,bulk.user190@tgstest.com,User@2026,CyberShield,France,user
191,TestUser191,Member,bulk.user191@tgstest.com,User@2026,AlphaDigital,Singapore,user
192,TestUser192,Member,bulk.user192@tgstest.com,User@2026,TechCorp,India,user
193,TestUser193,Member,bulk.user193@tgstest.com,User@2026,Innovatech,United States,user
194,TestUser194,Member,bulk.user194@tgstest.com,User@2026,CloudScale,United Kingdom,user
195,TestUser195,Member,bulk.user195@tgstest.com,User@2026,GlobalData,Australia,user
196,TestUser196,Member,bulk.user196@tgstest.com,User@2026,EnterpriseAI,Canada,user
197,TestUser197,Member,bulk.user197@tgstest.com,User@2026,FinPulse,Germany,user
198,TestUser198,Member,bulk.user198@tgstest.com,User@2026,CyberShield,France,user
199,TestUser199,Member,bulk.user199@tgstest.com,User@2026,AlphaDigital,Singapore,user
200,TestUser200,Member,bulk.user200@tgstest.com,User@2026,TechCorp,India,user
201,TestUser201,Member,bulk.user201@tgstest.com,User@2026,Innovatech,United States,user
202,TestUser202,Member,bulk.user202@tgstest.com,User@2026,CloudScale,United Kingdom,user
203,TestUser203,Member,bulk.user203@tgstest.com,User@2026,GlobalData,Australia,user
204,TestUser204,Member,bulk.user204@tgstest.com,User@2026,EnterpriseAI,Canada,user
205,TestUser205,Member,bulk.user205@tgstest.com,User@2026,FinPulse,Germany,user
206,TestUser206,Member,bulk.user206@tgstest.com,User@2026,CyberShield,France,user
207,TestUser207,Member,bulk.user207@tgstest.com,User@2026,AlphaDigital,Singapore,user
208,TestUser208,Member,bulk.user208@tgstest.com,User@2026,TechCorp,India,user
209,TestUser209,Member,bulk.user209@tgstest.com,User@2026,Innovatech,United States,user
210,TestUser210,Member,bulk.user210@tgstest.com,User@2026,CloudScale,United Kingdom,user
211,TestUser211,Member,bulk.user211@tgstest.com,User@2026,GlobalData,Australia,user
212,TestUser212,Member,bulk.user212@tgstest.com,User@2026,EnterpriseAI,Canada,user
213,TestUser213,Member,bulk.user213@tgstest.com,User@2026,FinPulse,Germany,user
214,TestUser214,Member,bulk.user214@tgstest.com,User@2026,CyberShield,France,user
215,TestUser215,Member,bulk.user215@tgstest.com,User@2026,AlphaDigital,Singapore,user
216,TestUser216,Member,bulk.user216@tgstest.com,User@2026,TechCorp,India,user
217,TestUser217,Member,bulk.user217@tgstest.com,User@2026,Innovatech,United States,user
218,TestUser218,Member,bulk.user218@tgstest.com,User@2026,CloudScale,United Kingdom,user
219,TestUser219,Member,bulk.user219@tgstest.com,User@2026,GlobalData,Australia,user
220,TestUser220,Member,bulk.user220@tgstest.com,User@2026,EnterpriseAI,Canada,user
221,TestUser221,Member,bulk.user221@tgstest.com,User@2026,FinPulse,Germany,user
222,TestUser222,Member,bulk.user222@tgstest.com,User@2026,CyberShield,France,user
223,TestUser223,Member,bulk.user223@tgstest.com,User@2026,AlphaDigital,Singapore,user
224,TestUser224,Member,bulk.user224@tgstest.com,User@2026,TechCorp,India,user
225,TestUser225,Member,bulk.user225@tgstest.com,User@2026,Innovatech,United States,user
226,TestUser226,Member,bulk.user226@tgstest.com,User@2026,CloudScale,United Kingdom,user
227,TestUser227,Member,bulk.user227@tgstest.com,User@2026,GlobalData,Australia,user
228,TestUser228,Member,bulk.user228@tgstest.com,User@2026,EnterpriseAI,Canada,user
229,TestUser229,Member,bulk.user229@tgstest.com,User@2026,FinPulse,Germany,user
230,TestUser230,Member,bulk.user230@tgstest.com,User@2026,CyberShield,France,user
231,TestUser231,Member,bulk.user231@tgstest.com,User@2026,AlphaDigital,Singapore,user
232,TestUser232,Member,bulk.user232@tgstest.com,User@2026,TechCorp,India,user
233,TestUser233,Member,bulk.user233@tgstest.com,User@2026,Innovatech,United States,user
234,TestUser234,Member,bulk.user234@tgstest.com,User@2026,CloudScale,United Kingdom,user
235,TestUser235,Member,bulk.user235@tgstest.com,User@2026,GlobalData,Australia,user
236,TestUser236,Member,bulk.user236@tgstest.com,User@2026,EnterpriseAI,Canada,user
237,TestUser237,Member,bulk.user237@tgstest.com,User@2026,FinPulse,Germany,user
238,TestUser238,Member,bulk.user238@tgstest.com,User@2026,CyberShield,France,user
239,TestUser239,Member,bulk.user239@tgstest.com,User@2026,AlphaDigital,Singapore,user
240,TestUser240,Member,bulk.user240@tgstest.com,User@2026,TechCorp,India,user
241,TestUser241,Member,bulk.user241@tgstest.com,User@2026,Innovatech,United States,user
242,TestUser242,Member,bulk.user242@tgstest.com,User@2026,CloudScale,United Kingdom,user
243,TestUser243,Member,bulk.user243@tgstest.com,User@2026,GlobalData,Australia,user
244,TestUser244,Member,bulk.user244@tgstest.com,User@2026,EnterpriseAI,Canada,user
245,TestUser245,Member,bulk.user245@tgstest.com,User@2026,FinPulse,Germany,user
246,TestUser246,Member,bulk.user246@tgstest.com,User@2026,CyberShield,France,user
247,TestUser247,Member,bulk.user247@tgstest.com,User@2026,AlphaDigital,Singapore,user
248,TestUser248,Member,bulk.user248@tgstest.com,User@2026,TechCorp,India,user
249,TestUser249,Member,bulk.user249@tgstest.com,User@2026,Innovatech,United States,user
250,TestUser250,Member,bulk.user250@tgstest.com,User@2026,CloudScale,United Kingdom,user
251,TestUser251,Member,bulk.user251@tgstest.com,User@2026,GlobalData,Australia,user
252,TestUser252,Member,bulk.user252@tgstest.com,User@2026,EnterpriseAI,Canada,user
253,TestUser253,Member,bulk.user253@tgstest.com,User@2026,FinPulse,Germany,user
254,TestUser254,Member,bulk.user254@tgstest.com,User@2026,CyberShield,France,user
255,TestUser255,Member,bulk.user255@tgstest.com,User@2026,AlphaDigital,Singapore,user
256,TestUser256,Member,bulk.user256@tgstest.com,User@2026,TechCorp,India,user
257,TestUser257,Member,bulk.user257@tgstest.com,User@2026,Innovatech,United States,user
258,TestUser258,Member,bulk.user258@tgstest.com,User@2026,CloudScale,United Kingdom,user
259,TestUser259,Member,bulk.user259@tgstest.com,User@2026,GlobalData,Australia,user
260,TestUser260,Member,bulk.user260@tgstest.com,User@2026,EnterpriseAI,Canada,user
261,TestUser261,Member,bulk.user261@tgstest.com,User@2026,FinPulse,Germany,user
262,TestUser262,Member,bulk.user262@tgstest.com,User@2026,CyberShield,France,user
263,TestUser263,Member,bulk.user263@tgstest.com,User@2026,AlphaDigital,Singapore,user
264,TestUser264,Member,bulk.user264@tgstest.com,User@2026,TechCorp,India,user
265,TestUser265,Member,bulk.user265@tgstest.com,User@2026,Innovatech,United States,user
266,TestUser266,Member,bulk.user266@tgstest.com,User@2026,CloudScale,United Kingdom,user
267,TestUser267,Member,bulk.user267@tgstest.com,User@2026,GlobalData,Australia,user
268,TestUser268,Member,bulk.user268@tgstest.com,User@2026,EnterpriseAI,Canada,user
269,TestUser269,Member,bulk.user269@tgstest.com,User@2026,FinPulse,Germany,user
270,TestUser270,Member,bulk.user270@tgstest.com,User@2026,CyberShield,France,user
271,TestUser271,Member,bulk.user271@tgstest.com,User@2026,AlphaDigital,Singapore,user
272,TestUser272,Member,bulk.user272@tgstest.com,User@2026,TechCorp,India,user
273,TestUser273,Member,bulk.user273@tgstest.com,User@2026,Innovatech,United States,user
274,TestUser274,Member,bulk.user274@tgstest.com,User@2026,CloudScale,United Kingdom,user
275,TestUser275,Member,bulk.user275@tgstest.com,User@2026,GlobalData,Australia,user
276,TestUser276,Member,bulk.user276@tgstest.com,User@2026,EnterpriseAI,Canada,user
277,TestUser277,Member,bulk.user277@tgstest.com,User@2026,FinPulse,Germany,user
278,TestUser278,Member,bulk.user278@tgstest.com,User@2026,CyberShield,France,user
279,TestUser279,Member,bulk.user279@tgstest.com,User@2026,AlphaDigital,Singapore,user
280,TestUser280,Member,bulk.user280@tgstest.com,User@2026,TechCorp,India,user
281,TestUser281,Member,bulk.user281@tgstest.com,User@2026,Innovatech,United States,user
282,TestUser282,Member,bulk.user282@tgstest.com,User@2026,CloudScale,United Kingdom,user
283,TestUser283,Member,bulk.user283@tgstest.com,User@2026,GlobalData,Australia,user
284,TestUser284,Member,bulk.user284@tgstest.com,User@2026,EnterpriseAI,Canada,user
285,TestUser285,Member,bulk.user285@tgstest.com,User@2026,FinPulse,Germany,user
286,TestUser286,Member,bulk.user286@tgstest.com,User@2026,CyberShield,France,user
287,TestUser287,Member,bulk.user287@tgstest.com,User@2026,AlphaDigital,Singapore,user
288,TestUser288,Member,bulk.user288@tgstest.com,User@2026,TechCorp,India,user
289,TestUser289,Member,bulk.user289@tgstest.com,User@2026,Innovatech,United States,user
290,TestUser290,Member,bulk.user290@tgstest.com,User@2026,CloudScale,United Kingdom,user
291,TestUser291,Member,bulk.user291@tgstest.com,User@2026,GlobalData,Australia,user
292,TestUser292,Member,bulk.user292@tgstest.com,User@2026,EnterpriseAI,Canada,user
293,TestUser293,Member,bulk.user293@tgstest.com,User@2026,FinPulse,Germany,user
294,TestUser294,Member,bulk.user294@tgstest.com,User@2026,CyberShield,France,user
295,TestUser295,Member,bulk.user295@tgstest.com,User@2026,AlphaDigital,Singapore,user
296,TestUser296,Member,bulk.user296@tgstest.com,User@2026,TechCorp,India,user
297,TestUser297,Member,bulk.user297@tgstest.com,User@2026,Innovatech,United States,user
298,TestUser298,Member,bulk.user298@tgstest.com,User@2026,CloudScale,United Kingdom,user
299,TestUser299,Member,bulk.user299@tgstest.com,User@2026,GlobalData,Australia,user
300,TestUser300,Member,bulk.user300@tgstest.com,User@2026,EnterpriseAI,Canada,user
301,TestUser301,Member,bulk.user301@tgstest.com,User@2026,FinPulse,Germany,user
302,TestUser302,Member,bulk.user302@tgstest.com,User@2026,CyberShield,France,user
303,TestUser303,Member,bulk.user303@tgstest.com,User@2026,AlphaDigital,Singapore,user
304,TestUser304,Member,bulk.user304@tgstest.com,User@2026,TechCorp,India,user
305,TestUser305,Member,bulk.user305@tgstest.com,User@2026,Innovatech,United States,user
306,TestUser306,Member,bulk.user306@tgstest.com,User@2026,CloudScale,United Kingdom,user
307,TestUser307,Member,bulk.user307@tgstest.com,User@2026,GlobalData,Australia,user
308,TestUser308,Member,bulk.user308@tgstest.com,User@2026,EnterpriseAI,Canada,user
309,TestUser309,Member,bulk.user309@tgstest.com,User@2026,FinPulse,Germany,user
310,TestUser310,Member,bulk.user310@tgstest.com,User@2026,CyberShield,France,user
311,TestUser311,Member,bulk.user311@tgstest.com,User@2026,AlphaDigital,Singapore,user
312,TestUser312,Member,bulk.user312@tgstest.com,User@2026,TechCorp,India,user
313,TestUser313,Member,bulk.user313@tgstest.com,User@2026,Innovatech,United States,user
314,TestUser314,Member,bulk.user314@tgstest.com,User@2026,CloudScale,United Kingdom,user
315,TestUser315,Member,bulk.user315@tgstest.com,User@2026,GlobalData,Australia,user
316,TestUser316,Member,bulk.user316@tgstest.com,User@2026,EnterpriseAI,Canada,user
317,TestUser317,Member,bulk.user317@tgstest.com,User@2026,FinPulse,Germany,user
318,TestUser318,Member,bulk.user318@tgstest.com,User@2026,CyberShield,France,user
319,TestUser319,Member,bulk.user319@tgstest.com,User@2026,AlphaDigital,Singapore,user
320,TestUser320,Member,bulk.user320@tgstest.com,User@2026,TechCorp,India,user
321,TestUser321,Member,bulk.user321@tgstest.com,User@2026,Innovatech,United States,user
322,TestUser322,Member,bulk.user322@tgstest.com,User@2026,CloudScale,United Kingdom,user
323,TestUser323,Member,bulk.user323@tgstest.com,User@2026,GlobalData,Australia,user
324,TestUser324,Member,bulk.user324@tgstest.com,User@2026,EnterpriseAI,Canada,user
325,TestUser325,Member,bulk.user325@tgstest.com,User@2026,FinPulse,Germany,user
326,TestUser326,Member,bulk.user326@tgstest.com,User@2026,CyberShield,France,user
327,TestUser327,Member,bulk.user327@tgstest.com,User@2026,AlphaDigital,Singapore,user
328,TestUser328,Member,bulk.user328@tgstest.com,User@2026,TechCorp,India,user
329,TestUser329,Member,bulk.user329@tgstest.com,User@2026,Innovatech,United States,user
330,TestUser330,Member,bulk.user330@tgstest.com,User@2026,CloudScale,United Kingdom,user
331,TestUser331,Member,bulk.user331@tgstest.com,User@2026,GlobalData,Australia,user
332,TestUser332,Member,bulk.user332@tgstest.com,User@2026,EnterpriseAI,Canada,user
333,TestUser333,Member,bulk.user333@tgstest.com,User@2026,FinPulse,Germany,user
334,TestUser334,Member,bulk.user334@tgstest.com,User@2026,CyberShield,France,user
335,TestUser335,Member,bulk.user335@tgstest.com,User@2026,AlphaDigital,Singapore,user
336,TestUser336,Member,bulk.user336@tgstest.com,User@2026,TechCorp,India,user
337,TestUser337,Member,bulk.user337@tgstest.com,User@2026,Innovatech,United States,user
338,TestUser338,Member,bulk.user338@tgstest.com,User@2026,CloudScale,United Kingdom,user
339,TestUser339,Member,bulk.user339@tgstest.com,User@2026,GlobalData,Australia,user
340,TestUser340,Member,bulk.user340@tgstest.com,User@2026,EnterpriseAI,Canada,user
341,TestUser341,Member,bulk.user341@tgstest.com,User@2026,FinPulse,Germany,user
342,TestUser342,Member,bulk.user342@tgstest.com,User@2026,CyberShield,France,user
343,TestUser343,Member,bulk.user343@tgstest.com,User@2026,AlphaDigital,Singapore,user
344,TestUser344,Member,bulk.user344@tgstest.com,User@2026,TechCorp,India,user
345,TestUser345,Member,bulk.user345@tgstest.com,User@2026,Innovatech,United States,user
346,TestUser346,Member,bulk.user346@tgstest.com,User@2026,CloudScale,United Kingdom,user
347,TestUser347,Member,bulk.user347@tgstest.com,User@2026,GlobalData,Australia,user
348,TestUser348,Member,bulk.user348@tgstest.com,User@2026,EnterpriseAI,Canada,user
349,TestUser349,Member,bulk.user349@tgstest.com,User@2026,FinPulse,Germany,user
350,TestUser350,Member,bulk.user350@tgstest.com,User@2026,CyberShield,France,user
351,TestUser351,Member,bulk.user351@tgstest.com,User@2026,AlphaDigital,Singapore,user
352,TestUser352,Member,bulk.user352@tgstest.com,User@2026,TechCorp,India,user
353,TestUser353,Member,bulk.user353@tgstest.com,User@2026,Innovatech,United States,user
354,TestUser354,Member,bulk.user354@tgstest.com,User@2026,CloudScale,United Kingdom,user
355,TestUser355,Member,bulk.user355@tgstest.com,User@2026,GlobalData,Australia,user
356,TestUser356,Member,bulk.user356@tgstest.com,User@2026,EnterpriseAI,Canada,user
357,TestUser357,Member,bulk.user357@tgstest.com,User@2026,FinPulse,Germany,user
358,TestUser358,Member,bulk.user358@tgstest.com,User@2026,CyberShield,France,user
359,TestUser359,Member,bulk.user359@tgstest.com,User@2026,AlphaDigital,Singapore,user
360,TestUser360,Member,bulk.user360@tgstest.com,User@2026,TechCorp,India,user
361,TestUser361,Member,bulk.user361@tgstest.com,User@2026,Innovatech,United States,user
362,TestUser362,Member,bulk.user362@tgstest.com,User@2026,CloudScale,United Kingdom,user
363,TestUser363,Member,bulk.user363@tgstest.com,User@2026,GlobalData,Australia,user
364,TestUser364,Member,bulk.user364@tgstest.com,User@2026,EnterpriseAI,Canada,user
365,TestUser365,Member,bulk.user365@tgstest.com,User@2026,FinPulse,Germany,user
366,TestUser366,Member,bulk.user366@tgstest.com,User@2026,CyberShield,France,user
367,TestUser367,Member,bulk.user367@tgstest.com,User@2026,AlphaDigital,Singapore,user
368,TestUser368,Member,bulk.user368@tgstest.com,User@2026,TechCorp,India,user
369,TestUser369,Member,bulk.user369@tgstest.com,User@2026,Innovatech,United States,user
370,TestUser370,Member,bulk.user370@tgstest.com,User@2026,CloudScale,United Kingdom,user
371,TestUser371,Member,bulk.user371@tgstest.com,User@2026,GlobalData,Australia,user
372,TestUser372,Member,bulk.user372@tgstest.com,User@2026,EnterpriseAI,Canada,user
373,TestUser373,Member,bulk.user373@tgstest.com,User@2026,FinPulse,Germany,user
374,TestUser374,Member,bulk.user374@tgstest.com,User@2026,CyberShield,France,user
375,TestUser375,Member,bulk.user375@tgstest.com,User@2026,AlphaDigital,Singapore,user
376,TestUser376,Member,bulk.user376@tgstest.com,User@2026,TechCorp,India,user
377,TestUser377,Member,bulk.user377@tgstest.com,User@2026,Innovatech,United States,user
378,TestUser378,Member,bulk.user378@tgstest.com,User@2026,CloudScale,United Kingdom,user
379,TestUser379,Member,bulk.user379@tgstest.com,User@2026,GlobalData,Australia,user
380,TestUser380,Member,bulk.user380@tgstest.com,User@2026,EnterpriseAI,Canada,user
381,TestUser381,Member,bulk.user381@tgstest.com,User@2026,FinPulse,Germany,user
382,TestUser382,Member,bulk.user382@tgstest.com,User@2026,CyberShield,France,user
383,TestUser383,Member,bulk.user383@tgstest.com,User@2026,AlphaDigital,Singapore,user
384,TestUser384,Member,bulk.user384@tgstest.com,User@2026,TechCorp,India,user
385,TestUser385,Member,bulk.user385@tgstest.com,User@2026,Innovatech,United States,user
386,TestUser386,Member,bulk.user386@tgstest.com,User@2026,CloudScale,United Kingdom,user
387,TestUser387,Member,bulk.user387@tgstest.com,User@2026,GlobalData,Australia,user
388,TestUser388,Member,bulk.user388@tgstest.com,User@2026,EnterpriseAI,Canada,user
389,TestUser389,Member,bulk.user389@tgstest.com,User@2026,FinPulse,Germany,user
390,TestUser390,Member,bulk.user390@tgstest.com,User@2026,CyberShield,France,user
391,TestUser391,Member,bulk.user391@tgstest.com,User@2026,AlphaDigital,Singapore,user
392,TestUser392,Member,bulk.user392@tgstest.com,User@2026,TechCorp,India,user
393,TestUser393,Member,bulk.user393@tgstest.com,User@2026,Innovatech,United States,user
394,TestUser394,Member,bulk.user394@tgstest.com,User@2026,CloudScale,United Kingdom,user
395,TestUser395,Member,bulk.user395@tgstest.com,User@2026,GlobalData,Australia,user
396,TestUser396,Member,bulk.user396@tgstest.com,User@2026,EnterpriseAI,Canada,user
397,TestUser397,Member,bulk.user397@tgstest.com,User@2026,FinPulse,Germany,user
398,TestUser398,Member,bulk.user398@tgstest.com,User@2026,CyberShield,France,user
399,TestUser399,Member,bulk.user399@tgstest.com,User@2026,AlphaDigital,Singapore,user
400,TestUser400,Member,bulk.user400@tgstest.com,User@2026,TechCorp,India,user
401,TestUser401,Member,bulk.user401@tgstest.com,User@2026,Innovatech,United States,user
402,TestUser402,Member,bulk.user402@tgstest.com,User@2026,CloudScale,United Kingdom,user
403,TestUser403,Member,bulk.user403@tgstest.com,User@2026,GlobalData,Australia,user
404,TestUser404,Member,bulk.user404@tgstest.com,User@2026,EnterpriseAI,Canada,user
405,TestUser405,Member,bulk.user405@tgstest.com,User@2026,FinPulse,Germany,user
406,TestUser406,Member,bulk.user406@tgstest.com,User@2026,CyberShield,France,user
407,TestUser407,Member,bulk.user407@tgstest.com,User@2026,AlphaDigital,Singapore,user
408,TestUser408,Member,bulk.user408@tgstest.com,User@2026,TechCorp,India,user
409,TestUser409,Member,bulk.user409@tgstest.com,User@2026,Innovatech,United States,user
410,TestUser410,Member,bulk.user410@tgstest.com,User@2026,CloudScale,United Kingdom,user
411,TestUser411,Member,bulk.user411@tgstest.com,User@2026,GlobalData,Australia,user
412,TestUser412,Member,bulk.user412@tgstest.com,User@2026,EnterpriseAI,Canada,user
413,TestUser413,Member,bulk.user413@tgstest.com,User@2026,FinPulse,Germany,user
414,TestUser414,Member,bulk.user414@tgstest.com,User@2026,CyberShield,France,user
415,TestUser415,Member,bulk.user415@tgstest.com,User@2026,AlphaDigital,Singapore,user
416,TestUser416,Member,bulk.user416@tgstest.com,User@2026,TechCorp,India,user
417,TestUser417,Member,bulk.user417@tgstest.com,User@2026,Innovatech,United States,user
418,TestUser418,Member,bulk.user418@tgstest.com,User@2026,CloudScale,United Kingdom,user
419,TestUser419,Member,bulk.user419@tgstest.com,User@2026,GlobalData,Australia,user
420,TestUser420,Member,bulk.user420@tgstest.com,User@2026,EnterpriseAI,Canada,user
421,TestUser421,Member,bulk.user421@tgstest.com,User@2026,FinPulse,Germany,user
422,TestUser422,Member,bulk.user422@tgstest.com,User@2026,CyberShield,France,user
423,TestUser423,Member,bulk.user423@tgstest.com,User@2026,AlphaDigital,Singapore,user
424,TestUser424,Member,bulk.user424@tgstest.com,User@2026,TechCorp,India,user
425,TestUser425,Member,bulk.user425@tgstest.com,User@2026,Innovatech,United States,user
426,TestUser426,Member,bulk.user426@tgstest.com,User@2026,CloudScale,United Kingdom,user
427,TestUser427,Member,bulk.user427@tgstest.com,User@2026,GlobalData,Australia,user
428,TestUser428,Member,bulk.user428@tgstest.com,User@2026,EnterpriseAI,Canada,user
429,TestUser429,Member,bulk.user429@tgstest.com,User@2026,FinPulse,Germany,user
430,TestUser430,Member,bulk.user430@tgstest.com,User@2026,CyberShield,France,user
431,TestUser431,Member,bulk.user431@tgstest.com,User@2026,AlphaDigital,Singapore,user
432,TestUser432,Member,bulk.user432@tgstest.com,User@2026,TechCorp,India,user
433,TestUser433,Member,bulk.user433@tgstest.com,User@2026,Innovatech,United States,user
434,TestUser434,Member,bulk.user434@tgstest.com,User@2026,CloudScale,United Kingdom,user
435,TestUser435,Member,bulk.user435@tgstest.com,User@2026,GlobalData,Australia,user
436,TestUser436,Member,bulk.user436@tgstest.com,User@2026,EnterpriseAI,Canada,user
437,TestUser437,Member,bulk.user437@tgstest.com,User@2026,FinPulse,Germany,user
438,TestUser438,Member,bulk.user438@tgstest.com,User@2026,CyberShield,France,user
439,TestUser439,Member,bulk.user439@tgstest.com,User@2026,AlphaDigital,Singapore,user
440,TestUser440,Member,bulk.user440@tgstest.com,User@2026,TechCorp,India,user
441,TestUser441,Member,bulk.user441@tgstest.com,User@2026,Innovatech,United States,user
442,TestUser442,Member,bulk.user442@tgstest.com,User@2026,CloudScale,United Kingdom,user
443,TestUser443,Member,bulk.user443@tgstest.com,User@2026,GlobalData,Australia,user
444,TestUser444,Member,bulk.user444@tgstest.com,User@2026,EnterpriseAI,Canada,user
445,TestUser445,Member,bulk.user445@tgstest.com,User@2026,FinPulse,Germany,user
446,TestUser446,Member,bulk.user446@tgstest.com,User@2026,CyberShield,France,user
447,TestUser447,Member,bulk.user447@tgstest.com,User@2026,AlphaDigital,Singapore,user
448,TestUser448,Member,bulk.user448@tgstest.com,User@2026,TechCorp,India,user
449,TestUser449,Member,bulk.user449@tgstest.com,User@2026,Innovatech,United States,user
450,TestUser450,Member,bulk.user450@tgstest.com,User@2026,CloudScale,United Kingdom,user
451,TestUser451,Member,bulk.user451@tgstest.com,User@2026,GlobalData,Australia,user
452,TestUser452,Member,bulk.user452@tgstest.com,User@2026,EnterpriseAI,Canada,user
453,TestUser453,Member,bulk.user453@tgstest.com,User@2026,FinPulse,Germany,user
454,TestUser454,Member,bulk.user454@tgstest.com,User@2026,CyberShield,France,user
455,TestUser455,Member,bulk.user455@tgstest.com,User@2026,AlphaDigital,Singapore,user
456,TestUser456,Member,bulk.user456@tgstest.com,User@2026,TechCorp,India,user
457,TestUser457,Member,bulk.user457@tgstest.com,User@2026,Innovatech,United States,user
458,TestUser458,Member,bulk.user458@tgstest.com,User@2026,CloudScale,United Kingdom,user
459,TestUser459,Member,bulk.user459@tgstest.com,User@2026,GlobalData,Australia,user
460,TestUser460,Member,bulk.user460@tgstest.com,User@2026,EnterpriseAI,Canada,user
461,TestUser461,Member,bulk.user461@tgstest.com,User@2026,FinPulse,Germany,user
462,TestUser462,Member,bulk.user462@tgstest.com,User@2026,CyberShield,France,user
463,TestUser463,Member,bulk.user463@tgstest.com,User@2026,AlphaDigital,Singapore,user
464,TestUser464,Member,bulk.user464@tgstest.com,User@2026,TechCorp,India,user
465,TestUser465,Member,bulk.user465@tgstest.com,User@2026,Innovatech,United States,user
466,TestUser466,Member,bulk.user466@tgstest.com,User@2026,CloudScale,United Kingdom,user
467,TestUser467,Member,bulk.user467@tgstest.com,User@2026,GlobalData,Australia,user
468,TestUser468,Member,bulk.user468@tgstest.com,User@2026,EnterpriseAI,Canada,user
469,TestUser469,Member,bulk.user469@tgstest.com,User@2026,FinPulse,Germany,user
470,TestUser470,Member,bulk.user470@tgstest.com,User@2026,CyberShield,France,user
471,TestUser471,Member,bulk.user471@tgstest.com,User@2026,AlphaDigital,Singapore,user
472,TestUser472,Member,bulk.user472@tgstest.com,User@2026,TechCorp,India,user
473,TestUser473,Member,bulk.user473@tgstest.com,User@2026,Innovatech,United States,user
474,TestUser474,Member,bulk.user474@tgstest.com,User@2026,CloudScale,United Kingdom,user
475,TestUser475,Member,bulk.user475@tgstest.com,User@2026,GlobalData,Australia,user
476,TestUser476,Member,bulk.user476@tgstest.com,User@2026,EnterpriseAI,Canada,user
477,TestUser477,Member,bulk.user477@tgstest.com,User@2026,FinPulse,Germany,user
478,TestUser478,Member,bulk.user478@tgstest.com,User@2026,CyberShield,France,user
479,TestUser479,Member,bulk.user479@tgstest.com,User@2026,AlphaDigital,Singapore,user
480,TestUser480,Member,bulk.user480@tgstest.com,User@2026,TechCorp,India,user
481,TestUser481,Member,bulk.user481@tgstest.com,User@2026,Innovatech,United States,user
482,TestUser482,Member,bulk.user482@tgstest.com,User@2026,CloudScale,United Kingdom,user
483,TestUser483,Member,bulk.user483@tgstest.com,User@2026,GlobalData,Australia,user
484,TestUser484,Member,bulk.user484@tgstest.com,User@2026,EnterpriseAI,Canada,user
485,TestUser485,Member,bulk.user485@tgstest.com,User@2026,FinPulse,Germany,user
486,TestUser486,Member,bulk.user486@tgstest.com,User@2026,CyberShield,France,user
487,TestUser487,Member,bulk.user487@tgstest.com,User@2026,AlphaDigital,Singapore,user
488,TestUser488,Member,bulk.user488@tgstest.com,User@2026,TechCorp,India,user
489,TestUser489,Member,bulk.user489@tgstest.com,User@2026,Innovatech,United States,user
490,TestUser490,Member,bulk.user490@tgstest.com,User@2026,CloudScale,United Kingdom,user
491,TestUser491,Member,bulk.user491@tgstest.com,User@2026,GlobalData,Australia,user
492,TestUser492,Member,bulk.user492@tgstest.com,User@2026,EnterpriseAI,Canada,user
493,TestUser493,Member,bulk.user493@tgstest.com,User@2026,FinPulse,Germany,user
494,TestUser494,Member,bulk.user494@tgstest.com,User@2026,CyberShield,France,user
495,TestUser495,Member,bulk.user495@tgstest.com,User@2026,AlphaDigital,Singapore,user
496,TestUser496,Member,bulk.user496@tgstest.com,User@2026,TechCorp,India,user
497,TestUser497,Member,bulk.user497@tgstest.com,User@2026,Innovatech,United States,user
498,TestUser498,Member,bulk.user498@tgstest.com,User@2026,CloudScale,United Kingdom,user
499,TestUser499,Member,bulk.user499@tgstest.com,User@2026,GlobalData,Australia,user
500,TestUser500,Member,bulk.user500@tgstest.com,User@2026,EnterpriseAI,Canada,user