Email,Password
dataadmin@tgstechinfo.com,Default@2026
user123@gmail.com,tgstechinfo@2026
harper.gonzalez30@gmail.com,6senseAustralia@2026
jack.harris27@gmail.com,6senseAustralia@2026
charlotte.jones24@hotmail.com,AdobeMarketoAustralia@2026
grace.garcia34@company.com,AdobeMarketoAustralia@2026
henry.davis61@hotmail.com,AdobeMarketoAustralia@2026
amelia.smith65@company.com,AutopilotAustralia@2026
chloe.lee68@yahoo.com,AutopilotAustralia@2026
olivia.lee52@outlook.com,AutopilotAustralia@2026
sienna.walker60@outlook.com,BomboraAustralia@2026
evelyn.martinez42@yahoo.com,ClearbitAustralia@2026
harper.garcia13@outlook.com,ClearbitAustralia@2026
harper.jackson69@outlook.com,ClearbitAustralia@2026
lucas.thomas50@company.com,ClearbitAustralia@2026
grace.miller59@company.com,DemandbaseAustralia@2026
olivia.rodriguez17@gmail.com,DemandbaseAustralia@2026
zoe.wilson3@yahoo.com,DemandbaseAustralia@2026
chloe.williams16@outlook.com,DripAustralia@2026
emily.martinez56@yahoo.com,DripAustralia@2026
harper.taylor1@hotmail.com,DripAustralia@2026
liam.lee43@yahoo.com,DripAustralia@2026
mia.harris39@outlook.com,DripAustralia@2026
william.gonzalez11@gmail.com,DripAustralia@2026
zoe.jones64@yahoo.com,DripAustralia@2026
ivy.davis72@outlook.com,Dun&BradstreetAustralia@2026
millie.thompson40@outlook.com,Dun&BradstreetAustralia@2026
harper.jackson36@company.com,EloquaAustralia@2026
harper.miller48@gmail.com,EloquaAustralia@2026
henry.robinson51@company.com,EloquaAustralia@2026
lily.garcia38@yahoo.com,EloquaAustralia@2026
ruby.thomas4@outlook.com,EloquaAustralia@2026
sophia.davis22@yahoo.com,EloquaAustralia@2026
william.anderson76@yahoo.com,EloquaAustralia@2026
evelyn.davis58@hotmail.com,FreshworksAustralia@2026
william.martinez2@yahoo.com,FreshworksAustralia@2026
chloe.martinez25@hotmail.com,HubSpotAustralia@2026
thomas.lopez14@gmail.com,HubSpotAustralia@2026
evelyn.clark31@yahoo.com,InfusionsoftAustralia@2026
lily.hernandez46@hotmail.com,InfusionsoftAustralia@2026
abigail.lopez21@outlook.com,InsightlyAustralia@2026
ella.williams35@gmail.com,InsightlyAustralia@2026
evie.brown28@yahoo.com,InsightlyAustralia@2026
grace.brown73@yahoo.com,InsightlyAustralia@2026
jack.rodriguez75@hotmail.com,InsightlyAustralia@2026
james.robinson23@gmail.com,LatticeEnginesAustralia@2026
noah.robinson41@gmail.com,LatticeEnginesAustralia@2026
olivia.davis26@gmail.com,LatticeEnginesAustralia@2026
thomas.robinson66@company.com,LatticeEnginesAustralia@2026
harper.garcia45@hotmail.com,LeadFeederAustralia@2026
harper.white62@gmail.com,LeadFeederAustralia@2026
mason.lee6@company.com,LeadFeederAustralia@2026
olivia.hernandez49@yahoo.com,LeadFeederAustralia@2026
hannah.lopez57@company.com,LeadSquaredAustralia@2026
lily.williams67@company.com,LeadSquaredAustralia@2026
henry.jones71@outlook.com,MarketoAustralia@2026
zoe.williams18@company.com,MarketoAustralia@2026
chloe.garcia33@yahoo.com,OracleMarketingCloudAustralia@2026
thomas.johnson55@company.com,OracleMarketingCloudAustralia@2026
zoe.jackson53@company.com,OracleMarketingCloudAustralia@2026
chloe.wilson5@gmail.com,OutreachAustralia@2026
harper.johnson7@yahoo.com,OutreachAustralia@2026
amelia.thompson47@company.com,PardotAustralia@2026
ella.white9@company.com,PardotAustralia@2026
isla.martin63@hotmail.com,PardotAustralia@2026
noah.rodriguez74@company.com,PardotAustralia@2026
olivia.garcia19@gmail.com,PardotAustralia@2026
grace.thompson54@yahoo.com,SalesforceAustralia@2026
mia.davis20@outlook.com,SalesforceAustralia@2026
abigail.taylor8@outlook.com,SalesfusionAustralia@2026
mia.miller15@outlook.com,SalesfusionAustralia@2026
evelyn.johnson44@gmail.com,SharpSpringAustralia@2026
grace.thomas12@company.com,SharpSpringAustralia@2026
evelyn.williams32@company.com,WoodpeckerAustralia@2026
henry.thomas10@yahoo.com,WoodpeckerAustralia@2026
jack.brown37@gmail.com,WoodpeckerAustralia@2026
mason.martinez70@gmail.com,WoodpeckerAustralia@2026
chloe.gonzalez29@hotmail.com,ZoomInfoAustralia@2026
elizabeth.thompson16@gmail.com,6senseCanada@2026
victoria.williams17@company.com,6senseCanada@2026
mia.gonzalez43@company.com,Act-OnCanada@2026
olivia.johnson12@gmail.com,Act-OnCanada@2026
amelia.davis44@company.com,AutopilotCanada@2026
mia.martin1@yahoo.com,AutopilotCanada@2026
stella.miller45@outlook.com,AutopilotCanada@2026
mason.rodriguez59@outlook.com,BomboraCanada@2026
benjamin.jackson29@yahoo.com,ClearbitCanada@2026
jackson.rodriguez60@outlook.com,ClearbitCanada@2026
avery.anderson35@yahoo.com,DemandbaseCanada@2026
olivia.miller10@gmail.com,DemandbaseCanada@2026
logan.jones2@hotmail.com,DripCanada@2026
chloe.davis56@gmail.com,Dun&BradstreetCanada@2026
ethan.martinez24@yahoo.com,Dun&BradstreetCanada@2026
emily.johnson22@gmail.com,EloquaCanada@2026
evelyn.miller58@gmail.com,EloquaCanada@2026
levi.jackson28@gmail.com,EloquaCanada@2026
logan.smith20@gmail.com,EloquaCanada@2026
chloe.johnson14@outlook.com,FreshworksCanada@2026
evelyn.brown33@company.com,FreshworksCanada@2026
stella.sanchez7@company.com,FreshworksCanada@2026
nora.garcia4@outlook.com,HubSpotCanada@2026
scarlett.smith61@yahoo.com,HubSpotCanada@2026
sofia.anderson48@company.com,HubSpotCanada@2026
harper.taylor13@hotmail.com,InfusionsoftCanada@2026
hazel.lopez3@yahoo.com,InfusionsoftCanada@2026
mason.thomas41@outlook.com,InfusionsoftCanada@2026
grace.thomas8@gmail.com,InsightlyCanada@2026
mason.thomas31@company.com,InsightlyCanada@2026
amelia.brown26@outlook.com,LatticeEnginesCanada@2026
evelyn.wilson5@hotmail.com,LatticeEnginesCanada@2026
nora.ramirez54@company.com,LatticeEnginesCanada@2026
elizabeth.johnson40@outlook.com,LeadFeederCanada@2026
grace.thomas6@company.com,LeadFeederCanada@2026
levi.johnson30@gmail.com,LeadSquaredCanada@2026
amelia.taylor52@company.com,MarketoCanada@2026
ella.harris19@hotmail.com,MarketoCanada@2026
ella.jones57@company.com,MarketoCanada@2026
ethan.miller25@hotmail.com,MarketoCanada@2026
evelyn.anderson27@yahoo.com,MarketoCanada@2026
ava.davis18@outlook.com,OracleMarketingCloudCanada@2026
elizabeth.wilson53@yahoo.com,OracleMarketingCloudCanada@2026
jackson.smith15@gmail.com,OracleMarketingCloudCanada@2026
ella.harris50@hotmail.com,OutreachCanada@2026
evelyn.lewis55@gmail.com,OutreachCanada@2026
madison.garcia42@company.com,PardotCanada@2026
isabella.garcia9@hotmail.com,SalesforceCanada@2026
zoey.garcia39@company.com,SalesforceCanada@2026
abigail.perez51@outlook.com,SalesfusionCanada@2026
amelia.davis38@gmail.com,SalesfusionCanada@2026
madison.sanchez36@outlook.com,SharpSpringCanada@2026
mia.smith47@outlook.com,SharpSpringCanada@2026
abigail.hernandez21@hotmail.com,WoodpeckerCanada@2026
lily.martin34@gmail.com,WoodpeckerCanada@2026
ava.anderson23@hotmail.com,ZohoCanada@2026
lucas.rodriguez49@company.com,ZohoCanada@2026
mia.smith37@company.com,ZohoCanada@2026
oliver.johnson11@yahoo.com,ZohoCanada@2026
luna.hernandez46@hotmail.com,ZoomInfoCanada@2026
stella.rodriguez32@yahoo.com,ZoomInfoCanada@2026
jade.boyer22@hotmail.com,6senseFrance@2026
lucas.gillet44@outlook.com,Act-OnFrance@2026
jade.michel1@hotmail.com,AutopilotFrance@2026
camille.leroy42@yahoo.com,BomboraFrance@2026
adam.david26@yahoo.com,ClearbitFrance@2026
alice.vincent43@yahoo.com,ClearbitFrance@2026
emma.bertrand34@hotmail.com,ClearbitFrance@2026
enzo.mercier54@company.com,ClearbitFrance@2026
hugo.durand7@company.com,ClearbitFrance@2026
eva.lefebvre47@yahoo.com,DemandbaseFrance@2026
louis.bertrand36@hotmail.com,DemandbaseFrance@2026
zoé.mercier55@company.com,DemandbaseFrance@2026
marie.bernard30@company.com,DripFrance@2026
adèle.vincent33@gmail.com,Dun&BradstreetFrance@2026
jasmine.bernard49@yahoo.com,Dun&BradstreetFrance@2026
léa.david53@hotmail.com,Dun&BradstreetFrance@2026
marie.garcia18@yahoo.com,EloquaFrance@2026
romane.fournier48@company.com,EloquaFrance@2026
raphaël.michel23@hotmail.com,FreshworksFrance@2026
léa.thomas11@company.com,HubSpotFrance@2026
inès.michel35@yahoo.com,InfusionsoftFrance@2026
lucas.vincent31@yahoo.com,InsightlyFrance@2026
chloé.mercier58@company.com,LatticeEnginesFrance@2026
enzo.richard52@outlook.com,LatticeEnginesFrance@2026
hugo.leclerc19@company.com,LatticeEnginesFrance@2026
manon.leroy13@hotmail.com,LatticeEnginesFrance@2026
sarah.garcia12@company.com,LatticeEnginesFrance@2026
adèle.gillet6@company.com,LeadFeederFrance@2026
léo.richard40@hotmail.com,LeadFeederFrance@2026
lina.lefebvre17@outlook.com,LeadFeederFrance@2026
raphaël.leclerc3@company.com,LeadFeederFrance@2026
chloé.morel20@yahoo.com,LeadSquaredFrance@2026
jules.simon46@yahoo.com,LeadSquaredFrance@2026
clara.mercier39@company.com,MarketoFrance@2026
chloé.richard25@hotmail.com,OracleMarketingCloudFrance@2026
emma.blanc28@outlook.com,OracleMarketingCloudFrance@2026
jade.martinez37@company.com,OracleMarketingCloudFrance@2026
raphaël.martinez56@gmail.com,OracleMarketingCloudFrance@2026
eva.thomas45@outlook.com,OutreachFrance@2026
manon.robert15@yahoo.com,OutreachFrance@2026
marie.bernard51@gmail.com,PardotFrance@2026
raphaël.leclerc32@outlook.com,SalesforceFrance@2026
emma.vincent24@gmail.com,SalesfusionFrance@2026
eva.dubois57@gmail.com,SalesfusionFrance@2026
jasmine.dubois38@company.com,SharpSpringFrance@2026
jeanne.blanc27@yahoo.com,SharpSpringFrance@2026
adèle.michel21@yahoo.com,WoodpeckerFrance@2026
enzo.dubois8@yahoo.com,WoodpeckerFrance@2026
jade.mercier9@company.com,WoodpeckerFrance@2026
raphaël.garcia10@outlook.com,WoodpeckerFrance@2026
julie.robert16@gmail.com,ZohoFrance@2026
agathe.morel4@gmail.com,ZoomInfoFrance@2026
camille.guérin5@outlook.com,ZoomInfoFrance@2026
enzo.blanc14@gmail.com,ZoomInfoFrance@2026
jeanne.vincent29@outlook.com,ZoomInfoFrance@2026
lucas.simon50@gmail.com,ZoomInfoFrance@2026
marie.bernard2@gmail.com,ZoomInfoFrance@2026
pauline.thomas41@yahoo.com,ZoomInfoFrance@2026
amelie.vogel37@yahoo.com,6senseGermany@2026
aurelia.schulz13@company.com,6senseGermany@2026
paula.krüger6@outlook.com,6senseGermany@2026
aurelia.martin34@gmail.com,Act-OnGermany@2026
anna.meyer55@gmail.com,AdobeMarketoGermany@2026
hannah.vogel4@hotmail.com,AdobeMarketoGermany@2026
elias.weidmann30@hotmail.com,AutopilotGermany@2026
emma.krüger44@company.com,AutopilotGermany@2026
mia.richter9@gmail.com,AutopilotGermany@2026
sofia.neumann27@hotmail.com,AutopilotGermany@2026
emilia.meyer62@yahoo.com,BomboraGermany@2026
emma.krüger5@outlook.com,ClearbitGermany@2026
ella.vogel11@yahoo.com,DemandbaseGermany@2026
lara.schneider63@gmail.com,DemandbaseGermany@2026
lara.weber14@outlook.com,DemandbaseGermany@2026
nora.klein48@company.com,DemandbaseGermany@2026
emilia.hoffmann64@yahoo.com,DripGermany@2026
laura.zimmermann31@gmail.com,DripGermany@2026
ella.schröder29@hotmail.com,Dun&BradstreetGermany@2026
marie.lehmann12@yahoo.com,Dun&BradstreetGermany@2026
ben.zimmermann39@gmail.com,EloquaGermany@2026
clara.schneider2@outlook.com,EloquaGermany@2026
elisa.jung49@company.com,EloquaGermany@2026
emma.beck24@yahoo.com,FreshworksGermany@2026
leon.zimmermann21@hotmail.com,FreshworksGermany@2026
lina.wolf25@outlook.com,FreshworksGermany@2026
maya.weber59@outlook.com,FreshworksGermany@2026
mila.vogel43@outlook.com,FreshworksGermany@2026
mina.weidmann19@yahoo.com,FreshworksGermany@2026
mina.lange58@company.com,FreshworksGermany@2026
romy.lehmann65@company.com,FreshworksGermany@2026
lara.meyer60@hotmail.com,HubSpotGermany@2026
mia.martin3@company.com,HubSpotGermany@2026
mathilda.schulz32@gmail.com,LeadFeederGermany@2026
lea.weidmann57@hotmail.com,LeadSquaredGermany@2026
lukas.neumann35@gmail.com,LeadSquaredGermany@2026
max.schmid23@company.com,LeadSquaredGermany@2026
mia.schulz46@hotmail.com,LeadSquaredGermany@2026
mia.schulz54@outlook.com,LeadSquaredGermany@2026
lukas.braun45@company.com,MarketoGermany@2026
sofia.vogel51@yahoo.com,MarketoGermany@2026
lena.zimmermann16@hotmail.com,OracleMarketingCloudGermany@2026
lina.lehmann38@hotmail.com,OracleMarketingCloudGermany@2026
lotta.klein26@company.com,OracleMarketingCloudGermany@2026
finn.köhler10@hotmail.com,OutreachGermany@2026
laura.wolf8@yahoo.com,OutreachGermany@2026
leon.vogel56@hotmail.com,OutreachGermany@2026
lara.klein61@company.com,PardotGermany@2026
felix.schulz28@outlook.com,SalesforceGermany@2026
felix.schwarz33@hotmail.com,SalesforceGermany@2026
finn.braun17@company.com,SalesforceGermany@2026
lara.wolf50@outlook.com,SalesforceGermany@2026
lea.zimmermann41@gmail.com,SalesforceGermany@2026
lukas.vogel7@outlook.com,SalesforceGermany@2026
marie.weber20@company.com,SalesforceGermany@2026
noah.hoffmann22@company.com,SalesforceGermany@2026
lotta.schröder18@yahoo.com,SalesfusionGermany@2026
leon.koch42@outlook.com,SharpSpringGermany@2026
ella.martin53@yahoo.com,WoodpeckerGermany@2026
mina.richter15@gmail.com,WoodpeckerGermany@2026
lukas.koch47@outlook.com,ZohoGermany@2026
mila.köhler52@yahoo.com,ZohoGermany@2026
noah.lange40@gmail.com,ZohoGermany@2026
paul.funk1@gmail.com,ZohoGermany@2026
marie.jung36@outlook.com,ZoomInfoGermany@2026
advik.singh39@gmail.com,6sense@2026
anita.tiwari27@hotmail.com,Act-On@2026
neha.jain3@gmail.com,Act-On@2026
diya.patel1@outlook.com,AdobeMarketo@2026
priya.yadav30@company.com,Bombora@2026
aditi.kumar10@gmail.com,ClickDimensions@2026
kavya.saxena12@outlook.com,Demandbase@2026
kiaan.nair6@company.com,Demandbase@2026
aditya.patel34@gmail.com,Drip@2026
suresh.bhatia35@outlook.com,Drip@2026
veer.shah13@gmail.com,Dun&Bradstreet@2026
kavya.dubey28@yahoo.com,Eloqua@2026
kabir.mishra25@outlook.com,Freshworks@2026
aditya.chopra4@outlook.com,HubSpot@2026
raj.khanna40@company.com,HubSpot@2026
vivaan.bhatia21@company.com,HubSpot@2026
kiaan.jain5@yahoo.com,Infusionsoft@2026
saanvi.kaur32@yahoo.com,Infusionsoft@2026
aarav.pandey23@outlook.com,Insightly@2026
raj.menon11@outlook.com,Insightly@2026
vivaan.das15@company.com,Insightly@2026
meera.shukla29@hotmail.com,LatticeEngines@2026
aditya.shah17@hotmail.com,LeadSquared@2026
veer.tiwari24@gmail.com,LeadSquared@2026
veer.reddy38@company.com,LeadSquared@2026
kiaan.jain14@company.com,Marketo@2026
rohan.kapoor9@gmail.com,Marketo@2026
aditi.malhotra33@yahoo.com,OracleMarketingCloud@2026
arjun.tiwari2@hotmail.com,Outreach@2026
ananya.reddy16@outlook.com,Pardot@2026
diya.verma20@hotmail.com,Salesforce@2026
aditya.kumar31@outlook.com,Salesfusion@2026
raj.reddy18@gmail.com,Salesfusion@2026
meera.kapoor37@outlook.com,Woodpecker@2026
vihaan.menon22@outlook.com,Woodpecker@2026
advik.pandey19@yahoo.com,Zoho@2026
ananya.bhatia8@company.com,Zoho@2026
anita.tiwari7@hotmail.com,Zoho@2026
kabir.singh36@outlook.com,Zoho@2026
aditi.reddy26@yahoo.com,ZoomInfo@2026
haruki.kojima10@gmail.com,6senseJapan@2026
kanon.suzuki15@outlook.com,6senseJapan@2026
koki.watanabe19@company.com,6senseJapan@2026
nozomi.fujita62@yahoo.com,6senseJapan@2026
ayaka.murakami11@yahoo.com,Act-OnJapan@2026
sakura.koyama14@gmail.com,Act-OnJapan@2026
yuna.kudo21@hotmail.com,Act-OnJapan@2026
haruki.yamamoto44@gmail.com,AdobeMarketoJapan@2026
rin.sasaki52@hotmail.com,AdobeMarketoJapan@2026
yume.fukuda53@company.com,AdobeMarketoJapan@2026
saki.watanabe28@company.com,AutopilotJapan@2026
yuki.ota30@company.com,AutopilotJapan@2026
yuki.mori33@company.com,AutopilotJapan@2026
yua.tanaka31@outlook.com,BomboraJapan@2026
sora.yamamoto34@gmail.com,ClearbitJapan@2026
yui.yamamoto29@gmail.com,ClearbitJapan@2026
koki.okamoto2@outlook.com,DemandbaseJapan@2026
ren.kojima61@hotmail.com,DripJapan@2026
kanon.takahashi8@company.com,Dun&BradstreetJapan@2026
rin.tanaka17@company.com,Dun&BradstreetJapan@2026
sora.fujiwara9@outlook.com,Dun&BradstreetJapan@2026
anju.murakami63@gmail.com,EloquaJapan@2026
rin.miura27@hotmail.com,EloquaJapan@2026
hina.suzuki54@outlook.com,FreshworksJapan@2026
koharu.okamoto7@gmail.com,HubSpotJapan@2026
rina.murakami42@gmail.com,HubSpotJapan@2026
aoi.yamada48@company.com,InfusionsoftJapan@2026
hina.hasegawa56@gmail.com,InfusionsoftJapan@2026
koki.kimura37@gmail.com,InsightlyJapan@2026
kokone.kobayashi1@gmail.com,InsightlyJapan@2026
haruki.fukuda58@company.com,LatticeEnginesJapan@2026
haruto.koyama5@yahoo.com,LatticeEnginesJapan@2026
karen.fukuda20@yahoo.com,LatticeEnginesJapan@2026
rina.ota39@outlook.com,LatticeEnginesJapan@2026
sora.fujiwara18@gmail.com,LatticeEnginesJapan@2026
suzu.miura40@gmail.com,LatticeEnginesJapan@2026
suzu.kimura47@hotmail.com,LeadFeederJapan@2026
hina.kojima59@hotmail.com,LeadSquaredJapan@2026
sota.hasegawa36@hotmail.com,LeadSquaredJapan@2026
yuto.tanaka12@gmail.com,LeadSquaredJapan@2026
aoi.goto24@yahoo.com,MarketoJapan@2026
misaki.kimura38@hotmail.com,MarketoJapan@2026
riko.sasaki25@gmail.com,MarketoJapan@2026
mei.sato60@hotmail.com,OracleMarketingCloudJapan@2026
riko.inoue13@gmail.com,OutreachJapan@2026
rira.miura3@company.com,OutreachJapan@2026
sakura.ota45@hotmail.com,OutreachJapan@2026
suzu.murakami22@gmail.com,OutreachJapan@2026
kanon.miura41@yahoo.com,PardotJapan@2026
koharu.okamoto50@company.com,PardotJapan@2026
mei.tanaka32@yahoo.com,PardotJapan@2026
nanami.nakamura35@gmail.com,SalesforceJapan@2026
yuna.sato64@hotmail.com,SalesforceJapan@2026
miyu.okamoto4@outlook.com,SalesfusionJapan@2026
rin.inoue55@outlook.com,SalesfusionJapan@2026
yume.yamaguchi51@yahoo.com,SalesfusionJapan@2026
kokone.takahashi26@gmail.com,SharpSpringJapan@2026
hina.goto6@company.com,WoodpeckerJapan@2026
misaki.sasaki49@yahoo.com,WoodpeckerJapan@2026
miyu.yamaguchi43@yahoo.com,WoodpeckerJapan@2026
aoi.kudo23@yahoo.com,ZohoJapan@2026
koharu.sasaki57@hotmail.com,ZohoJapan@2026
koki.mori16@hotmail.com,ZohoJapan@2026
riko.inoue46@outlook.com,ZoomInfoJapan@2026
amelia.jackson26@gmail.com,6senseUK@2026
esme.clarke47@yahoo.com,6senseUK@2026
willow.roberts7@gmail.com,6senseUK@2026
oliver.evans46@company.com,Act-OnUK@2026
ava.martin44@hotmail.com,AdobeMarketoUK@2026
harry.clarke39@yahoo.com,AdobeMarketoUK@2026
lily.jackson21@company.com,AdobeMarketoUK@2026
amelia.west13@company.com,AutopilotUK@2026
ava.brown37@outlook.com,AutopilotUK@2026
freya.roberts34@outlook.com,AutopilotUK@2026
mia.roberts22@gmail.com,BomboraUK@2026
theo.clarke2@outlook.com,BomboraUK@2026
evelyn.brown17@yahoo.com,ClearbitUK@2026
ivy.martin58@yahoo.com,ClearbitUK@2026
layla.roberts29@gmail.com,ClearbitUK@2026
olivia.king40@yahoo.com,ClearbitUK@2026
poppy.lee54@company.com,ClearbitUK@2026
ruby.brown33@outlook.com,ClearbitUK@2026
theo.west11@company.com,ClearbitUK@2026
rosie.west59@yahoo.com,DemandbaseUK@2026
charlotte.jackson10@outlook.com,DripUK@2026
willow.thompson51@hotmail.com,DripUK@2026
charlie.clarke35@outlook.com,Dun&BradstreetUK@2026
ivy.martin3@hotmail.com,Dun&BradstreetUK@2026
noah.jones6@company.com,Dun&BradstreetUK@2026
noah.king12@company.com,FreshworksUK@2026
theo.white36@outlook.com,FreshworksUK@2026
evelyn.smith56@outlook.com,HubSpotUK@2026
isla.morgan41@yahoo.com,InfusionsoftUK@2026
scarlett.walker28@outlook.com,InfusionsoftUK@2026
charlotte.wilson25@company.com,InsightlyUK@2026
freya.cooper52@yahoo.com,InsightlyUK@2026
isla.clarke42@yahoo.com,InsightlyUK@2026
leo.robinson20@company.com,InsightlyUK@2026
lily.jackson38@hotmail.com,InsightlyUK@2026
amelia.wood4@hotmail.com,LeadFeederUK@2026
sienna.lee60@hotmail.com,LeadFeederUK@2026
layla.brown53@hotmail.com,LeadSquaredUK@2026
emily.brown55@hotmail.com,MarketoUK@2026
esme.johnson30@gmail.com,MarketoUK@2026
harper.brown8@gmail.com,OracleMarketingCloudUK@2026
maisy.watson50@yahoo.com,OracleMarketingCloudUK@2026
ruby.cooper49@outlook.com,OracleMarketingCloudUK@2026
ella.taylor23@yahoo.com,OutreachUK@2026
grace.martin15@outlook.com,PardotUK@2026
jack.thomas18@yahoo.com,PardotUK@2026
mia.white31@gmail.com,PardotUK@2026
esme.martin19@yahoo.com,SalesforceUK@2026
ivy.jones57@yahoo.com,SalesforceUK@2026
isla.brown43@gmail.com,SalesfusionUK@2026
noah.johnson24@outlook.com,SalesfusionUK@2026
sienna.harris16@outlook.com,SalesfusionUK@2026
sophie.morgan32@hotmail.com,SalesfusionUK@2026
isabella.wright45@yahoo.com,SharpSpringUK@2026
ivy.west14@company.com,SharpSpringUK@2026
sophia.evans48@outlook.com,SharpSpringUK@2026
emily.west27@outlook.com,WoodpeckerUK@2026
oliver.edwards1@hotmail.com,WoodpeckerUK@2026
emily.roberts9@company.com,ZohoUK@2026
jack.morgan5@hotmail.com,ZohoUK@2026
emily.robinson20@hotmail.com,6sense@2026
richard.ramirez15@outlook.com,6sense@2026
karen.thomas27@gmail.com,Act-On@2026
margaret.robinson40@hotmail.com,AdobeMarketo@2026
susan.wilson42@company.com,AdobeMarketo@2026
melissa.martinez49@yahoo.com,Autopilot@2026
robert.lopez70@hotmail.com,Autopilot@2026
barbara.sanchez19@hotmail.com,Bombora@2026
charles.white45@hotmail.com,Bombora@2026
margaret.brown3@gmail.com,Bombora@2026
sarah.lewis7@company.com,Bombora@2026
john.robinson29@company.com,Calendly@2026
michelle.perez37@outlook.com,Calendly@2026
deborah.lewis56@gmail.com,Clearbit@2026
deborah.lee68@outlook.com,Clearbit@2026
donna.white17@outlook.com,Clearbit@2026
kimberly.robinson25@company.com,Clearbit@2026
dorothy.thompson48@gmail.com,Demandbase@2026
betty.robinson28@outlook.com,Drift@2026
donna.perez69@yahoo.com,Drift@2026
jessica.anderson1@company.com,Drift@2026
karen.williams72@outlook.com,Drift@2026
kimberly.hernandez46@yahoo.com,Drift@2026
lisa.sanchez74@company.com,Drift@2026
amanda.martin9@outlook.com,Drip@2026
james.perez26@company.com,Drip@2026
melissa.thomas35@yahoo.com,Drip@2026
thomas.lopez8@outlook.com,Drip@2026
donna.white60@outlook.com,Dun&Bradstreet@2026
margaret.jones50@gmail.com,Dun&Bradstreet@2026
carol.anderson24@gmail.com,Eloqua@2026
kimberly.perez59@hotmail.com,Eloqua@2026
richard.thomas16@company.com,Eloqua@2026
sharon.moore6@hotmail.com,Eloqua@2026
barbara.hernandez47@hotmail.com,HubSpot@2026
deborah.taylor64@gmail.com,HubSpot@2026
dorothy.wilson31@outlook.com,Infusionsoft@2026
michelle.robinson2@outlook.com,Infusionsoft@2026
sarah.miller53@gmail.com,Infusionsoft@2026
thomas.perez21@outlook.com,Infusionsoft@2026
elizabeth.perez55@gmail.com,Insightly@2026
emily.lopez23@yahoo.com,Insightly@2026
kimberly.jones43@company.com,Insightly@2026
lisa.davis52@company.com,Insightly@2026
nancy.ramirez41@hotmail.com,Insightly@2026
patricia.martin39@outlook.com,Insightly@2026
charles.miller36@outlook.com,LatticeEngines@2026
linda.white4@hotmail.com,LatticeEngines@2026
rebecca.lee22@hotmail.com,LatticeEngines@2026
sandra.ramirez38@gmail.com,LeadFeeder@2026
emily.harris44@company.com,LeadSquared@2026
michelle.martin51@hotmail.com,Marketo@2026
james.johnson33@hotmail.com,OracleMarketingCloud@2026
jennifer.lopez67@hotmail.com,OracleMarketingCloud@2026
carol.wilson54@hotmail.com,Outreach@2026
jennifer.perez12@hotmail.com,Outreach@2026
sandra.thompson63@gmail.com,Outreach@2026
sarah.lee73@company.com,Outreach@2026
william.moore14@yahoo.com,Outreach@2026
lisa.lee11@hotmail.com,RingCentral@2026
dorothy.sanchez66@company.com,Salesforce@2026
kimberly.taylor71@company.com,Salesforce@2026
mary.lopez34@company.com,Salesforce@2026
michael.wilson30@company.com,Salesforce@2026
emily.robinson5@outlook.com,Salesfusion@2026
margaret.garcia10@yahoo.com,Salesfusion@2026
rebecca.rodriguez32@company.com,Salesfusion@2026
charles.wilson61@outlook.com,SharpSpring@2026
james.johnson65@company.com,SharpSpring@2026
amanda.gonzalez18@company.com,Terminus@2026
nancy.lewis57@yahoo.com,Zoho@2026
william.martin58@outlook.com,Zoho@2026
dorothy.garcia62@outlook.com,ZoomInfo@2026
linda.miller13@outlook.com,ZoomInfo@2026