First Name,Last Name,Email,Password,Company,Country,Job Title,Role,Is Active,Created At
harper,gonzalez30,harper.gonzalez30@gmail.com,6senseAustralia@2026,6sense Australia,Australia,User,user,1,NOW()
jack,harris27,jack.harris27@gmail.com,6senseAustralia@2026,6sense Australia,Australia,User,user,1,NOW()
charlotte,jones24,charlotte.jones24@hotmail.com,AdobeMarketoAustralia@2026,Adobe Marketo Australia,Australia,User,user,1,NOW()
grace,garcia34,grace.garcia34@company.com,AdobeMarketoAustralia@2026,Adobe Marketo Australia,Australia,User,user,1,NOW()
henry,davis61,henry.davis61@hotmail.com,AdobeMarketoAustralia@2026,Adobe Marketo Australia,Australia,User,user,1,NOW()
amelia,smith65,amelia.smith65@company.com,AutopilotAustralia@2026,Autopilot Australia,Australia,User,user,1,NOW()
chloe,lee68,chloe.lee68@yahoo.com,AutopilotAustralia@2026,Autopilot Australia,Australia,User,user,1,NOW()
olivia,lee52,olivia.lee52@outlook.com,AutopilotAustralia@2026,Autopilot Australia,Australia,User,user,1,NOW()
sienna,walker60,sienna.walker60@outlook.com,BomboraAustralia@2026,Bombora Australia,Australia,User,user,1,NOW()
evelyn,martinez42,evelyn.martinez42@yahoo.com,ClearbitAustralia@2026,Clearbit Australia,Australia,User,user,1,NOW()
harper,garcia13,harper.garcia13@outlook.com,ClearbitAustralia@2026,Clearbit Australia,Australia,User,user,1,NOW()
harper,jackson69,harper.jackson69@outlook.com,ClearbitAustralia@2026,Clearbit Australia,Australia,User,user,1,NOW()
lucas,thomas50,lucas.thomas50@company.com,ClearbitAustralia@2026,Clearbit Australia,Australia,User,user,1,NOW()
grace,miller59,grace.miller59@company.com,DemandbaseAustralia@2026,Demandbase Australia,Australia,User,user,1,NOW()
olivia,rodriguez17,olivia.rodriguez17@gmail.com,DemandbaseAustralia@2026,Demandbase Australia,Australia,User,user,1,NOW()
zoe,wilson3,zoe.wilson3@yahoo.com,DemandbaseAustralia@2026,Demandbase Australia,Australia,User,user,1,NOW()
chloe,williams16,chloe.williams16@outlook.com,DripAustralia@2026,Drip Australia,Australia,User,user,1,NOW()
emily,martinez56,emily.martinez56@yahoo.com,DripAustralia@2026,Drip Australia,Australia,User,user,1,NOW()
harper,taylor1,harper.taylor1@hotmail.com,DripAustralia@2026,Drip Australia,Australia,User,user,1,NOW()
liam,lee43,liam.lee43@yahoo.com,DripAustralia@2026,Drip Australia,Australia,User,user,1,NOW()
mia,harris39,mia.harris39@outlook.com,DripAustralia@2026,Drip Australia,Australia,User,user,1,NOW()
william,gonzalez11,william.gonzalez11@gmail.com,DripAustralia@2026,Drip Australia,Australia,User,user,1,NOW()
zoe,jones64,zoe.jones64@yahoo.com,DripAustralia@2026,Drip Australia,Australia,User,user,1,NOW()
ivy,davis72,ivy.davis72@outlook.com,Dun&BradstreetAustralia@2026,Dun & Bradstreet Australia,Australia,User,user,1,NOW()
millie,thompson40,millie.thompson40@outlook.com,Dun&BradstreetAustralia@2026,Dun & Bradstreet Australia,Australia,User,user,1,NOW()
harper,jackson36,harper.jackson36@company.com,EloquaAustralia@2026,Eloqua Australia,Australia,User,user,1,NOW()
harper,miller48,harper.miller48@gmail.com,EloquaAustralia@2026,Eloqua Australia,Australia,User,user,1,NOW()
henry,robinson51,henry.robinson51@company.com,EloquaAustralia@2026,Eloqua Australia,Australia,User,user,1,NOW()
lily,garcia38,lily.garcia38@yahoo.com,EloquaAustralia@2026,Eloqua Australia,Australia,User,user,1,NOW()
ruby,thomas4,ruby.thomas4@outlook.com,EloquaAustralia@2026,Eloqua Australia,Australia,User,user,1,NOW()
sophia,davis22,sophia.davis22@yahoo.com,EloquaAustralia@2026,Eloqua Australia,Australia,User,user,1,NOW()
william,anderson76,william.anderson76@yahoo.com,EloquaAustralia@2026,Eloqua Australia,Australia,User,user,1,NOW()
evelyn,davis58,evelyn.davis58@hotmail.com,FreshworksAustralia@2026,Freshworks Australia,Australia,User,user,1,NOW()
william,martinez2,william.martinez2@yahoo.com,FreshworksAustralia@2026,Freshworks Australia,Australia,User,user,1,NOW()
chloe,martinez25,chloe.martinez25@hotmail.com,HubSpotAustralia@2026,HubSpot Australia,Australia,User,user,1,NOW()
thomas,lopez14,thomas.lopez14@gmail.com,HubSpotAustralia@2026,HubSpot Australia,Australia,User,user,1,NOW()
evelyn,clark31,evelyn.clark31@yahoo.com,InfusionsoftAustralia@2026,Infusionsoft Australia,Australia,User,user,1,NOW()
lily,hernandez46,lily.hernandez46@hotmail.com,InfusionsoftAustralia@2026,Infusionsoft Australia,Australia,User,user,1,NOW()
abigail,lopez21,abigail.lopez21@outlook.com,InsightlyAustralia@2026,Insightly Australia,Australia,User,user,1,NOW()
ella,williams35,ella.williams35@gmail.com,InsightlyAustralia@2026,Insightly Australia,Australia,User,user,1,NOW()
evie,brown28,evie.brown28@yahoo.com,InsightlyAustralia@2026,Insightly Australia,Australia,User,user,1,NOW()
grace,brown73,grace.brown73@yahoo.com,InsightlyAustralia@2026,Insightly Australia,Australia,User,user,1,NOW()
jack,rodriguez75,jack.rodriguez75@hotmail.com,InsightlyAustralia@2026,Insightly Australia,Australia,User,user,1,NOW()
james,robinson23,james.robinson23@gmail.com,LatticeEnginesAustralia@2026,Lattice Engines Australia,Australia,User,user,1,NOW()
noah,robinson41,noah.robinson41@gmail.com,LatticeEnginesAustralia@2026,Lattice Engines Australia,Australia,User,user,1,NOW()
olivia,davis26,olivia.davis26@gmail.com,LatticeEnginesAustralia@2026,Lattice Engines Australia,Australia,User,user,1,NOW()
thomas,robinson66,thomas.robinson66@company.com,LatticeEnginesAustralia@2026,Lattice Engines Australia,Australia,User,user,1,NOW()
harper,garcia45,harper.garcia45@hotmail.com,LeadFeederAustralia@2026,LeadFeeder Australia,Australia,User,user,1,NOW()
harper,white62,harper.white62@gmail.com,LeadFeederAustralia@2026,LeadFeeder Australia,Australia,User,user,1,NOW()
mason,lee6,mason.lee6@company.com,LeadFeederAustralia@2026,LeadFeeder Australia,Australia,User,user,1,NOW()
olivia,hernandez49,olivia.hernandez49@yahoo.com,LeadFeederAustralia@2026,LeadFeeder Australia,Australia,User,user,1,NOW()
hannah,lopez57,hannah.lopez57@company.com,LeadSquaredAustralia@2026,LeadSquared Australia,Australia,User,user,1,NOW()
lily,williams67,lily.williams67@company.com,LeadSquaredAustralia@2026,LeadSquared Australia,Australia,User,user,1,NOW()
henry,jones71,henry.jones71@outlook.com,MarketoAustralia@2026,Marketo Australia,Australia,User,user,1,NOW()
zoe,williams18,zoe.williams18@company.com,MarketoAustralia@2026,Marketo Australia,Australia,User,user,1,NOW()
chloe,garcia33,chloe.garcia33@yahoo.com,OracleMarketingCloudAustralia@2026,Oracle Marketing Cloud Australia,Australia,User,user,1,NOW()
thomas,johnson55,thomas.johnson55@company.com,OracleMarketingCloudAustralia@2026,Oracle Marketing Cloud Australia,Australia,User,user,1,NOW()
zoe,jackson53,zoe.jackson53@company.com,OracleMarketingCloudAustralia@2026,Oracle Marketing Cloud Australia,Australia,User,user,1,NOW()
chloe,wilson5,chloe.wilson5@gmail.com,OutreachAustralia@2026,Outreach Australia,Australia,User,user,1,NOW()
harper,johnson7,harper.johnson7@yahoo.com,OutreachAustralia@2026,Outreach Australia,Australia,User,user,1,NOW()
amelia,thompson47,amelia.thompson47@company.com,PardotAustralia@2026,Pardot Australia,Australia,User,user,1,NOW()
ella,white9,ella.white9@company.com,PardotAustralia@2026,Pardot Australia,Australia,User,user,1,NOW()
isla,martin63,isla.martin63@hotmail.com,PardotAustralia@2026,Pardot Australia,Australia,User,user,1,NOW()
noah,rodriguez74,noah.rodriguez74@company.com,PardotAustralia@2026,Pardot Australia,Australia,User,user,1,NOW()
olivia,garcia19,olivia.garcia19@gmail.com,PardotAustralia@2026,Pardot Australia,Australia,User,user,1,NOW()
grace,thompson54,grace.thompson54@yahoo.com,SalesforceAustralia@2026,Salesforce Australia,Australia,User,user,1,NOW()
mia,davis20,mia.davis20@outlook.com,SalesforceAustralia@2026,Salesforce Australia,Australia,User,user,1,NOW()
abigail,taylor8,abigail.taylor8@outlook.com,SalesfusionAustralia@2026,Salesfusion Australia,Australia,User,user,1,NOW()
mia,miller15,mia.miller15@outlook.com,SalesfusionAustralia@2026,Salesfusion Australia,Australia,User,user,1,NOW()
evelyn,johnson44,evelyn.johnson44@gmail.com,SharpSpringAustralia@2026,SharpSpring Australia,Australia,User,user,1,NOW()
grace,thomas12,grace.thomas12@company.com,SharpSpringAustralia@2026,SharpSpring Australia,Australia,User,user,1,NOW()
evelyn,williams32,evelyn.williams32@company.com,WoodpeckerAustralia@2026,Woodpecker Australia,Australia,User,user,1,NOW()
henry,thomas10,henry.thomas10@yahoo.com,WoodpeckerAustralia@2026,Woodpecker Australia,Australia,User,user,1,NOW()
jack,brown37,jack.brown37@gmail.com,WoodpeckerAustralia@2026,Woodpecker Australia,Australia,User,user,1,NOW()
mason,martinez70,mason.martinez70@gmail.com,WoodpeckerAustralia@2026,Woodpecker Australia,Australia,User,user,1,NOW()
chloe,gonzalez29,chloe.gonzalez29@hotmail.com,ZoomInfoAustralia@2026,ZoomInfo Australia,Australia,User,user,1,NOW()
elizabeth,thompson16,elizabeth.thompson16@gmail.com,6senseCanada@2026,6sense Canada,Canada,User,user,1,NOW()
victoria,williams17,victoria.williams17@company.com,6senseCanada@2026,6sense Canada,Canada,User,user,1,NOW()
mia,gonzalez43,mia.gonzalez43@company.com,Act-OnCanada@2026,Act-On Canada,Canada,User,user,1,NOW()
olivia,johnson12,olivia.johnson12@gmail.com,Act-OnCanada@2026,Act-On Canada,Canada,User,user,1,NOW()
amelia,davis44,amelia.davis44@company.com,AutopilotCanada@2026,Autopilot Canada,Canada,User,user,1,NOW()
mia,martin1,mia.martin1@yahoo.com,AutopilotCanada@2026,Autopilot Canada,Canada,User,user,1,NOW()
stella,miller45,stella.miller45@outlook.com,AutopilotCanada@2026,Autopilot Canada,Canada,User,user,1,NOW()
mason,rodriguez59,mason.rodriguez59@outlook.com,BomboraCanada@2026,Bombora Canada,Canada,User,user,1,NOW()
benjamin,jackson29,benjamin.jackson29@yahoo.com,ClearbitCanada@2026,Clearbit Canada,Canada,User,user,1,NOW()
jackson,rodriguez60,jackson.rodriguez60@outlook.com,ClearbitCanada@2026,Clearbit Canada,Canada,User,user,1,NOW()
avery,anderson35,avery.anderson35@yahoo.com,DemandbaseCanada@2026,Demandbase Canada,Canada,User,user,1,NOW()
olivia,miller10,olivia.miller10@gmail.com,DemandbaseCanada@2026,Demandbase Canada,Canada,User,user,1,NOW()
logan,jones2,logan.jones2@hotmail.com,DripCanada@2026,Drip Canada,Canada,User,user,1,NOW()
chloe,davis56,chloe.davis56@gmail.com,Dun&BradstreetCanada@2026,Dun & Bradstreet Canada,Canada,User,user,1,NOW()
ethan,martinez24,ethan.martinez24@yahoo.com,Dun&BradstreetCanada@2026,Dun & Bradstreet Canada,Canada,User,user,1,NOW()
emily,johnson22,emily.johnson22@gmail.com,EloquaCanada@2026,Eloqua Canada,Canada,User,user,1,NOW()
evelyn,miller58,evelyn.miller58@gmail.com,EloquaCanada@2026,Eloqua Canada,Canada,User,user,1,NOW()
levi,jackson28,levi.jackson28@gmail.com,EloquaCanada@2026,Eloqua Canada,Canada,User,user,1,NOW()
logan,smith20,logan.smith20@gmail.com,EloquaCanada@2026,Eloqua Canada,Canada,User,user,1,NOW()
chloe,johnson14,chloe.johnson14@outlook.com,FreshworksCanada@2026,Freshworks Canada,Canada,User,user,1,NOW()
evelyn,brown33,evelyn.brown33@company.com,FreshworksCanada@2026,Freshworks Canada,Canada,User,user,1,NOW()
stella,sanchez7,stella.sanchez7@company.com,FreshworksCanada@2026,Freshworks Canada,Canada,User,user,1,NOW()
nora,garcia4,nora.garcia4@outlook.com,HubSpotCanada@2026,HubSpot Canada,Canada,User,user,1,NOW()
scarlett,smith61,scarlett.smith61@yahoo.com,HubSpotCanada@2026,HubSpot Canada,Canada,User,user,1,NOW()
sofia,anderson48,sofia.anderson48@company.com,HubSpotCanada@2026,HubSpot Canada,Canada,User,user,1,NOW()
harper,taylor13,harper.taylor13@hotmail.com,InfusionsoftCanada@2026,Infusionsoft Canada,Canada,User,user,1,NOW()
hazel,lopez3,hazel.lopez3@yahoo.com,InfusionsoftCanada@2026,Infusionsoft Canada,Canada,User,user,1,NOW()
mason,thomas41,mason.thomas41@outlook.com,InfusionsoftCanada@2026,Infusionsoft Canada,Canada,User,user,1,NOW()
grace,thomas8,grace.thomas8@gmail.com,InsightlyCanada@2026,Insightly Canada,Canada,User,user,1,NOW()
mason,thomas31,mason.thomas31@company.com,InsightlyCanada@2026,Insightly Canada,Canada,User,user,1,NOW()
amelia,brown26,amelia.brown26@outlook.com,LatticeEnginesCanada@2026,Lattice Engines Canada,Canada,User,user,1,NOW()
evelyn,wilson5,evelyn.wilson5@hotmail.com,LatticeEnginesCanada@2026,Lattice Engines Canada,Canada,User,user,1,NOW()
nora,ramirez54,nora.ramirez54@company.com,LatticeEnginesCanada@2026,Lattice Engines Canada,Canada,User,user,1,NOW()
elizabeth,johnson40,elizabeth.johnson40@outlook.com,LeadFeederCanada@2026,LeadFeeder Canada,Canada,User,user,1,NOW()
grace,thomas6,grace.thomas6@company.com,LeadFeederCanada@2026,LeadFeeder Canada,Canada,User,user,1,NOW()
levi,johnson30,levi.johnson30@gmail.com,LeadSquaredCanada@2026,LeadSquared Canada,Canada,User,user,1,NOW()
amelia,taylor52,amelia.taylor52@company.com,MarketoCanada@2026,Marketo Canada,Canada,User,user,1,NOW()
ella,harris19,ella.harris19@hotmail.com,MarketoCanada@2026,Marketo Canada,Canada,User,user,1,NOW()
ella,jones57,ella.jones57@company.com,MarketoCanada@2026,Marketo Canada,Canada,User,user,1,NOW()
ethan,miller25,ethan.miller25@hotmail.com,MarketoCanada@2026,Marketo Canada,Canada,User,user,1,NOW()
evelyn,anderson27,evelyn.anderson27@yahoo.com,MarketoCanada@2026,Marketo Canada,Canada,User,user,1,NOW()
ava,davis18,ava.davis18@outlook.com,OracleMarketingCloudCanada@2026,Oracle Marketing Cloud Canada,Canada,User,user,1,NOW()
elizabeth,wilson53,elizabeth.wilson53@yahoo.com,OracleMarketingCloudCanada@2026,Oracle Marketing Cloud Canada,Canada,User,user,1,NOW()
jackson,smith15,jackson.smith15@gmail.com,OracleMarketingCloudCanada@2026,Oracle Marketing Cloud Canada,Canada,User,user,1,NOW()
ella,harris50,ella.harris50@hotmail.com,OutreachCanada@2026,Outreach Canada,Canada,User,user,1,NOW()
evelyn,lewis55,evelyn.lewis55@gmail.com,OutreachCanada@2026,Outreach Canada,Canada,User,user,1,NOW()
madison,garcia42,madison.garcia42@company.com,PardotCanada@2026,Pardot Canada,Canada,User,user,1,NOW()
isabella,garcia9,isabella.garcia9@hotmail.com,SalesforceCanada@2026,Salesforce Canada,Canada,User,user,1,NOW()
zoey,garcia39,zoey.garcia39@company.com,SalesforceCanada@2026,Salesforce Canada,Canada,User,user,1,NOW()
abigail,perez51,abigail.perez51@outlook.com,SalesfusionCanada@2026,Salesfusion Canada,Canada,User,user,1,NOW()
amelia,davis38,amelia.davis38@gmail.com,SalesfusionCanada@2026,Salesfusion Canada,Canada,User,user,1,NOW()
madison,sanchez36,madison.sanchez36@outlook.com,SharpSpringCanada@2026,SharpSpring Canada,Canada,User,user,1,NOW()
mia,smith47,mia.smith47@outlook.com,SharpSpringCanada@2026,SharpSpring Canada,Canada,User,user,1,NOW()
abigail,hernandez21,abigail.hernandez21@hotmail.com,WoodpeckerCanada@2026,Woodpecker Canada,Canada,User,user,1,NOW()
lily,martin34,lily.martin34@gmail.com,WoodpeckerCanada@2026,Woodpecker Canada,Canada,User,user,1,NOW()
ava,anderson23,ava.anderson23@hotmail.com,ZohoCanada@2026,Zoho Canada,Canada,User,user,1,NOW()
lucas,rodriguez49,lucas.rodriguez49@company.com,ZohoCanada@2026,Zoho Canada,Canada,User,user,1,NOW()
mia,smith37,mia.smith37@company.com,ZohoCanada@2026,Zoho Canada,Canada,User,user,1,NOW()
oliver,johnson11,oliver.johnson11@yahoo.com,ZohoCanada@2026,Zoho Canada,Canada,User,user,1,NOW()
luna,hernandez46,luna.hernandez46@hotmail.com,ZoomInfoCanada@2026,ZoomInfo Canada,Canada,User,user,1,NOW()
stella,rodriguez32,stella.rodriguez32@yahoo.com,ZoomInfoCanada@2026,ZoomInfo Canada,Canada,User,user,1,NOW()
jade,boyer22,jade.boyer22@hotmail.com,6senseFrance@2026,6sense France,France,User,user,1,NOW()
lucas,gillet44,lucas.gillet44@outlook.com,Act-OnFrance@2026,Act-On France,France,User,user,1,NOW()
jade,michel1,jade.michel1@hotmail.com,AutopilotFrance@2026,Autopilot France,France,User,user,1,NOW()
camille,leroy42,camille.leroy42@yahoo.com,BomboraFrance@2026,Bombora France,France,User,user,1,NOW()
adam,david26,adam.david26@yahoo.com,ClearbitFrance@2026,Clearbit France,France,User,user,1,NOW()
alice,vincent43,alice.vincent43@yahoo.com,ClearbitFrance@2026,Clearbit France,France,User,user,1,NOW()
emma,bertrand34,emma.bertrand34@hotmail.com,ClearbitFrance@2026,Clearbit France,France,User,user,1,NOW()
enzo,mercier54,enzo.mercier54@company.com,ClearbitFrance@2026,Clearbit France,France,User,user,1,NOW()
hugo,durand7,hugo.durand7@company.com,ClearbitFrance@2026,Clearbit France,France,User,user,1,NOW()
eva,lefebvre47,eva.lefebvre47@yahoo.com,DemandbaseFrance@2026,Demandbase France,France,User,user,1,NOW()
louis,bertrand36,louis.bertrand36@hotmail.com,DemandbaseFrance@2026,Demandbase France,France,User,user,1,NOW()
zoé,mercier55,zoé.mercier55@company.com,DemandbaseFrance@2026,Demandbase France,France,User,user,1,NOW()
marie,bernard30,marie.bernard30@company.com,DripFrance@2026,Drip France,France,User,user,1,NOW()
adèle,vincent33,adèle.vincent33@gmail.com,Dun&BradstreetFrance@2026,Dun & Bradstreet France,France,User,user,1,NOW()
jasmine,bernard49,jasmine.bernard49@yahoo.com,Dun&BradstreetFrance@2026,Dun & Bradstreet France,France,User,user,1,NOW()
léa,david53,léa.david53@hotmail.com,Dun&BradstreetFrance@2026,Dun & Bradstreet France,France,User,user,1,NOW()
marie,garcia18,marie.garcia18@yahoo.com,EloquaFrance@2026,Eloqua France,France,User,user,1,NOW()
romane,fournier48,romane.fournier48@company.com,EloquaFrance@2026,Eloqua France,France,User,user,1,NOW()
raphaël,michel23,raphaël.michel23@hotmail.com,FreshworksFrance@2026,Freshworks France,France,User,user,1,NOW()
léa,thomas11,léa.thomas11@company.com,HubSpotFrance@2026,HubSpot France,France,User,user,1,NOW()
inès,michel35,inès.michel35@yahoo.com,InfusionsoftFrance@2026,Infusionsoft France,France,User,user,1,NOW()
lucas,vincent31,lucas.vincent31@yahoo.com,InsightlyFrance@2026,Insightly France,France,User,user,1,NOW()
chloé,mercier58,chloé.mercier58@company.com,LatticeEnginesFrance@2026,Lattice Engines France,France,User,user,1,NOW()
enzo,richard52,enzo.richard52@outlook.com,LatticeEnginesFrance@2026,Lattice Engines France,France,User,user,1,NOW()
hugo,leclerc19,hugo.leclerc19@company.com,LatticeEnginesFrance@2026,Lattice Engines France,France,User,user,1,NOW()
manon,leroy13,manon.leroy13@hotmail.com,LatticeEnginesFrance@2026,Lattice Engines France,France,User,user,1,NOW()
sarah,garcia12,sarah.garcia12@company.com,LatticeEnginesFrance@2026,Lattice Engines France,France,User,user,1,NOW()
adèle,gillet6,adèle.gillet6@company.com,LeadFeederFrance@2026,LeadFeeder France,France,User,user,1,NOW()
léo,richard40,léo.richard40@hotmail.com,LeadFeederFrance@2026,LeadFeeder France,France,User,user,1,NOW()
lina,lefebvre17,lina.lefebvre17@outlook.com,LeadFeederFrance@2026,LeadFeeder France,France,User,user,1,NOW()
raphaël,leclerc3,raphaël.leclerc3@company.com,LeadFeederFrance@2026,LeadFeeder France,France,User,user,1,NOW()
chloé,morel20,chloé.morel20@yahoo.com,LeadSquaredFrance@2026,LeadSquared France,France,User,user,1,NOW()
jules,simon46,jules.simon46@yahoo.com,LeadSquaredFrance@2026,LeadSquared France,France,User,user,1,NOW()
clara,mercier39,clara.mercier39@company.com,MarketoFrance@2026,Marketo France,France,User,user,1,NOW()
chloé,richard25,chloé.richard25@hotmail.com,OracleMarketingCloudFrance@2026,Oracle Marketing Cloud France,France,User,user,1,NOW()
emma,blanc28,emma.blanc28@outlook.com,OracleMarketingCloudFrance@2026,Oracle Marketing Cloud France,France,User,user,1,NOW()
jade,martinez37,jade.martinez37@company.com,OracleMarketingCloudFrance@2026,Oracle Marketing Cloud France,France,User,user,1,NOW()
raphaël,martinez56,raphaël.martinez56@gmail.com,OracleMarketingCloudFrance@2026,Oracle Marketing Cloud France,France,User,user,1,NOW()
eva,thomas45,eva.thomas45@outlook.com,OutreachFrance@2026,Outreach France,France,User,user,1,NOW()
manon,robert15,manon.robert15@yahoo.com,OutreachFrance@2026,Outreach France,France,User,user,1,NOW()
marie,bernard51,marie.bernard51@gmail.com,PardotFrance@2026,Pardot France,France,User,user,1,NOW()
raphaël,leclerc32,raphaël.leclerc32@outlook.com,SalesforceFrance@2026,Salesforce France,France,User,user,1,NOW()
emma,vincent24,emma.vincent24@gmail.com,SalesfusionFrance@2026,Salesfusion France,France,User,user,1,NOW()
eva,dubois57,eva.dubois57@gmail.com,SalesfusionFrance@2026,Salesfusion France,France,User,user,1,NOW()
jasmine,dubois38,jasmine.dubois38@company.com,SharpSpringFrance@2026,SharpSpring France,France,User,user,1,NOW()
jeanne,blanc27,jeanne.blanc27@yahoo.com,SharpSpringFrance@2026,SharpSpring France,France,User,user,1,NOW()
adèle,michel21,adèle.michel21@yahoo.com,WoodpeckerFrance@2026,Woodpecker France,France,User,user,1,NOW()
enzo,dubois8,enzo.dubois8@yahoo.com,WoodpeckerFrance@2026,Woodpecker France,France,User,user,1,NOW()
jade,mercier9,jade.mercier9@company.com,WoodpeckerFrance@2026,Woodpecker France,France,User,user,1,NOW()
raphaël,garcia10,raphaël.garcia10@outlook.com,WoodpeckerFrance@2026,Woodpecker France,France,User,user,1,NOW()
julie,robert16,julie.robert16@gmail.com,ZohoFrance@2026,Zoho France,France,User,user,1,NOW()
agathe,morel4,agathe.morel4@gmail.com,ZoomInfoFrance@2026,ZoomInfo France,France,User,user,1,NOW()
camille,guérin5,camille.guérin5@outlook.com,ZoomInfoFrance@2026,ZoomInfo France,France,User,user,1,NOW()
enzo,blanc14,enzo.blanc14@gmail.com,ZoomInfoFrance@2026,ZoomInfo France,France,User,user,1,NOW()
jeanne,vincent29,jeanne.vincent29@outlook.com,ZoomInfoFrance@2026,ZoomInfo France,France,User,user,1,NOW()
lucas,simon50,lucas.simon50@gmail.com,ZoomInfoFrance@2026,ZoomInfo France,France,User,user,1,NOW()
marie,bernard2,marie.bernard2@gmail.com,ZoomInfoFrance@2026,ZoomInfo France,France,User,user,1,NOW()
pauline,thomas41,pauline.thomas41@yahoo.com,ZoomInfoFrance@2026,ZoomInfo France,France,User,user,1,NOW()
amelie,vogel37,amelie.vogel37@yahoo.com,6senseGermany@2026,6sense Germany,Germany,User,user,1,NOW()
aurelia,schulz13,aurelia.schulz13@company.com,6senseGermany@2026,6sense Germany,Germany,User,user,1,NOW()
paula,krüger6,paula.krüger6@outlook.com,6senseGermany@2026,6sense Germany,Germany,User,user,1,NOW()
aurelia,martin34,aurelia.martin34@gmail.com,Act-OnGermany@2026,Act-On Germany,Germany,User,user,1,NOW()
anna,meyer55,anna.meyer55@gmail.com,AdobeMarketoGermany@2026,Adobe Marketo Germany,Germany,User,user,1,NOW()
hannah,vogel4,hannah.vogel4@hotmail.com,AdobeMarketoGermany@2026,Adobe Marketo Germany,Germany,User,user,1,NOW()
elias,weidmann30,elias.weidmann30@hotmail.com,AutopilotGermany@2026,Autopilot Germany,Germany,User,user,1,NOW()
emma,krüger44,emma.krüger44@company.com,AutopilotGermany@2026,Autopilot Germany,Germany,User,user,1,NOW()
mia,richter9,mia.richter9@gmail.com,AutopilotGermany@2026,Autopilot Germany,Germany,User,user,1,NOW()
sofia,neumann27,sofia.neumann27@hotmail.com,AutopilotGermany@2026,Autopilot Germany,Germany,User,user,1,NOW()
emilia,meyer62,emilia.meyer62@yahoo.com,BomboraGermany@2026,Bombora Germany,Germany,User,user,1,NOW()
emma,krüger5,emma.krüger5@outlook.com,ClearbitGermany@2026,Clearbit Germany,Germany,User,user,1,NOW()
ella,vogel11,ella.vogel11@yahoo.com,DemandbaseGermany@2026,Demandbase Germany,Germany,User,user,1,NOW()
lara,schneider63,lara.schneider63@gmail.com,DemandbaseGermany@2026,Demandbase Germany,Germany,User,user,1,NOW()
lara,weber14,lara.weber14@outlook.com,DemandbaseGermany@2026,Demandbase Germany,Germany,User,user,1,NOW()
nora,klein48,nora.klein48@company.com,DemandbaseGermany@2026,Demandbase Germany,Germany,User,user,1,NOW()
emilia,hoffmann64,emilia.hoffmann64@yahoo.com,DripGermany@2026,Drip Germany,Germany,User,user,1,NOW()
laura,zimmermann31,laura.zimmermann31@gmail.com,DripGermany@2026,Drip Germany,Germany,User,user,1,NOW()
ella,schröder29,ella.schröder29@hotmail.com,Dun&BradstreetGermany@2026,Dun & Bradstreet Germany,Germany,User,user,1,NOW()
marie,lehmann12,marie.lehmann12@yahoo.com,Dun&BradstreetGermany@2026,Dun & Bradstreet Germany,Germany,User,user,1,NOW()
ben,zimmermann39,ben.zimmermann39@gmail.com,EloquaGermany@2026,Eloqua Germany,Germany,User,user,1,NOW()
clara,schneider2,clara.schneider2@outlook.com,EloquaGermany@2026,Eloqua Germany,Germany,User,user,1,NOW()
elisa,jung49,elisa.jung49@company.com,EloquaGermany@2026,Eloqua Germany,Germany,User,user,1,NOW()
emma,beck24,emma.beck24@yahoo.com,FreshworksGermany@2026,Freshworks Germany,Germany,User,user,1,NOW()
leon,zimmermann21,leon.zimmermann21@hotmail.com,FreshworksGermany@2026,Freshworks Germany,Germany,User,user,1,NOW()
lina,wolf25,lina.wolf25@outlook.com,FreshworksGermany@2026,Freshworks Germany,Germany,User,user,1,NOW()
maya,weber59,maya.weber59@outlook.com,FreshworksGermany@2026,Freshworks Germany,Germany,User,user,1,NOW()
mila,vogel43,mila.vogel43@outlook.com,FreshworksGermany@2026,Freshworks Germany,Germany,User,user,1,NOW()
mina,weidmann19,mina.weidmann19@yahoo.com,FreshworksGermany@2026,Freshworks Germany,Germany,User,user,1,NOW()
mina,lange58,mina.lange58@company.com,FreshworksGermany@2026,Freshworks Germany,Germany,User,user,1,NOW()
romy,lehmann65,romy.lehmann65@company.com,FreshworksGermany@2026,Freshworks Germany,Germany,User,user,1,NOW()
lara,meyer60,lara.meyer60@hotmail.com,HubSpotGermany@2026,HubSpot Germany,Germany,User,user,1,NOW()
mia,martin3,mia.martin3@company.com,HubSpotGermany@2026,HubSpot Germany,Germany,User,user,1,NOW()
mathilda,schulz32,mathilda.schulz32@gmail.com,LeadFeederGermany@2026,LeadFeeder Germany,Germany,User,user,1,NOW()
lea,weidmann57,lea.weidmann57@hotmail.com,LeadSquaredGermany@2026,LeadSquared Germany,Germany,User,user,1,NOW()
lukas,neumann35,lukas.neumann35@gmail.com,LeadSquaredGermany@2026,LeadSquared Germany,Germany,User,user,1,NOW()
max,schmid23,max.schmid23@company.com,LeadSquaredGermany@2026,LeadSquared Germany,Germany,User,user,1,NOW()
mia,schulz46,mia.schulz46@hotmail.com,LeadSquaredGermany@2026,LeadSquared Germany,Germany,User,user,1,NOW()
mia,schulz54,mia.schulz54@outlook.com,LeadSquaredGermany@2026,LeadSquared Germany,Germany,User,user,1,NOW()
lukas,braun45,lukas.braun45@company.com,MarketoGermany@2026,Marketo Germany,Germany,User,user,1,NOW()
sofia,vogel51,sofia.vogel51@yahoo.com,MarketoGermany@2026,Marketo Germany,Germany,User,user,1,NOW()
lena,zimmermann16,lena.zimmermann16@hotmail.com,OracleMarketingCloudGermany@2026,Oracle Marketing Cloud Germany,Germany,User,user,1,NOW()
lina,lehmann38,lina.lehmann38@hotmail.com,OracleMarketingCloudGermany@2026,Oracle Marketing Cloud Germany,Germany,User,user,1,NOW()
lotta,klein26,lotta.klein26@company.com,OracleMarketingCloudGermany@2026,Oracle Marketing Cloud Germany,Germany,User,user,1,NOW()
finn,köhler10,finn.köhler10@hotmail.com,OutreachGermany@2026,Outreach Germany,Germany,User,user,1,NOW()
laura,wolf8,laura.wolf8@yahoo.com,OutreachGermany@2026,Outreach Germany,Germany,User,user,1,NOW()
leon,vogel56,leon.vogel56@hotmail.com,OutreachGermany@2026,Outreach Germany,Germany,User,user,1,NOW()
lara,klein61,lara.klein61@company.com,PardotGermany@2026,Pardot Germany,Germany,User,user,1,NOW()
felix,schulz28,felix.schulz28@outlook.com,SalesforceGermany@2026,Salesforce Germany,Germany,User,user,1,NOW()
felix,schwarz33,felix.schwarz33@hotmail.com,SalesforceGermany@2026,Salesforce Germany,Germany,User,user,1,NOW()
finn,braun17,finn.braun17@company.com,SalesforceGermany@2026,Salesforce Germany,Germany,User,user,1,NOW()
lara,wolf50,lara.wolf50@outlook.com,SalesforceGermany@2026,Salesforce Germany,Germany,User,user,1,NOW()
lea,zimmermann41,lea.zimmermann41@gmail.com,SalesforceGermany@2026,Salesforce Germany,Germany,User,user,1,NOW()
lukas,vogel7,lukas.vogel7@outlook.com,SalesforceGermany@2026,Salesforce Germany,Germany,User,user,1,NOW()
marie,weber20,marie.weber20@company.com,SalesforceGermany@2026,Salesforce Germany,Germany,User,user,1,NOW()
noah,hoffmann22,noah.hoffmann22@company.com,SalesforceGermany@2026,Salesforce Germany,Germany,User,user,1,NOW()
lotta,schröder18,lotta.schröder18@yahoo.com,SalesfusionGermany@2026,Salesfusion Germany,Germany,User,user,1,NOW()
leon,koch42,leon.koch42@outlook.com,SharpSpringGermany@2026,SharpSpring Germany,Germany,User,user,1,NOW()
ella,martin53,ella.martin53@yahoo.com,WoodpeckerGermany@2026,Woodpecker Germany,Germany,User,user,1,NOW()
mina,richter15,mina.richter15@gmail.com,WoodpeckerGermany@2026,Woodpecker Germany,Germany,User,user,1,NOW()
lukas,koch47,lukas.koch47@outlook.com,ZohoGermany@2026,Zoho Germany,Germany,User,user,1,NOW()
mila,köhler52,mila.köhler52@yahoo.com,ZohoGermany@2026,Zoho Germany,Germany,User,user,1,NOW()
noah,lange40,noah.lange40@gmail.com,ZohoGermany@2026,Zoho Germany,Germany,User,user,1,NOW()
paul,funk1,paul.funk1@gmail.com,ZohoGermany@2026,Zoho Germany,Germany,User,user,1,NOW()
marie,jung36,marie.jung36@outlook.com,ZoomInfoGermany@2026,ZoomInfo Germany,Germany,User,user,1,NOW()
advik,singh39,advik.singh39@gmail.com,6sense@2026,6sense,India,User,user,1,NOW()
anita,tiwari27,anita.tiwari27@hotmail.com,Act-On@2026,Act-On,India,User,user,1,NOW()
neha,jain3,neha.jain3@gmail.com,Act-On@2026,Act-On,India,User,user,1,NOW()
diya,patel1,diya.patel1@outlook.com,AdobeMarketo@2026,Adobe Marketo,India,User,user,1,NOW()
priya,yadav30,priya.yadav30@company.com,Bombora@2026,Bombora,India,User,user,1,NOW()
aditi,kumar10,aditi.kumar10@gmail.com,ClickDimensions@2026,ClickDimensions,India,User,user,1,NOW()
kavya,saxena12,kavya.saxena12@outlook.com,Demandbase@2026,Demandbase,India,User,user,1,NOW()
kiaan,nair6,kiaan.nair6@company.com,Demandbase@2026,Demandbase,India,User,user,1,NOW()
aditya,patel34,aditya.patel34@gmail.com,Drip@2026,Drip,India,User,user,1,NOW()
suresh,bhatia35,suresh.bhatia35@outlook.com,Drip@2026,Drip,India,User,user,1,NOW()
veer,shah13,veer.shah13@gmail.com,Dun&Bradstreet@2026,Dun & Bradstreet,India,User,user,1,NOW()
kavya,dubey28,kavya.dubey28@yahoo.com,Eloqua@2026,Eloqua,India,User,user,1,NOW()
kabir,mishra25,kabir.mishra25@outlook.com,Freshworks@2026,Freshworks,India,User,user,1,NOW()
aditya,chopra4,aditya.chopra4@outlook.com,HubSpot@2026,HubSpot,India,User,user,1,NOW()
raj,khanna40,raj.khanna40@company.com,HubSpot@2026,HubSpot,India,User,user,1,NOW()
vivaan,bhatia21,vivaan.bhatia21@company.com,HubSpot@2026,HubSpot,India,User,user,1,NOW()
kiaan,jain5,kiaan.jain5@yahoo.com,Infusionsoft@2026,Infusionsoft,India,User,user,1,NOW()
saanvi,kaur32,saanvi.kaur32@yahoo.com,Infusionsoft@2026,Infusionsoft,India,User,user,1,NOW()
aarav,pandey23,aarav.pandey23@outlook.com,Insightly@2026,Insightly,India,User,user,1,NOW()
raj,menon11,raj.menon11@outlook.com,Insightly@2026,Insightly,India,User,user,1,NOW()
vivaan,das15,vivaan.das15@company.com,Insightly@2026,Insightly,India,User,user,1,NOW()
meera,shukla29,meera.shukla29@hotmail.com,LatticeEngines@2026,Lattice Engines,India,User,user,1,NOW()
aditya,shah17,aditya.shah17@hotmail.com,LeadSquared@2026,LeadSquared,India,User,user,1,NOW()
veer,tiwari24,veer.tiwari24@gmail.com,LeadSquared@2026,LeadSquared,India,User,user,1,NOW()
veer,reddy38,veer.reddy38@company.com,LeadSquared@2026,LeadSquared,India,User,user,1,NOW()
kiaan,jain14,kiaan.jain14@company.com,Marketo@2026,Marketo,India,User,user,1,NOW()
rohan,kapoor9,rohan.kapoor9@gmail.com,Marketo@2026,Marketo,India,User,user,1,NOW()
aditi,malhotra33,aditi.malhotra33@yahoo.com,OracleMarketingCloud@2026,Oracle Marketing Cloud,India,User,user,1,NOW()
arjun,tiwari2,arjun.tiwari2@hotmail.com,Outreach@2026,Outreach,India,User,user,1,NOW()
ananya,reddy16,ananya.reddy16@outlook.com,Pardot@2026,Pardot,India,User,user,1,NOW()
diya,verma20,diya.verma20@hotmail.com,Salesforce@2026,Salesforce,India,User,user,1,NOW()
aditya,kumar31,aditya.kumar31@outlook.com,Salesfusion@2026,Salesfusion,India,User,user,1,NOW()
raj,reddy18,raj.reddy18@gmail.com,Salesfusion@2026,Salesfusion,India,User,user,1,NOW()
meera,kapoor37,meera.kapoor37@outlook.com,Woodpecker@2026,Woodpecker,India,User,user,1,NOW()
vihaan,menon22,vihaan.menon22@outlook.com,Woodpecker@2026,Woodpecker,India,User,user,1,NOW()
advik,pandey19,advik.pandey19@yahoo.com,Zoho@2026,Zoho,India,User,user,1,NOW()
ananya,bhatia8,ananya.bhatia8@company.com,Zoho@2026,Zoho,India,User,user,1,NOW()
anita,tiwari7,anita.tiwari7@hotmail.com,Zoho@2026,Zoho,India,User,user,1,NOW()
kabir,singh36,kabir.singh36@outlook.com,Zoho@2026,Zoho,India,User,user,1,NOW()
aditi,reddy26,aditi.reddy26@yahoo.com,ZoomInfo@2026,ZoomInfo,India,User,user,1,NOW()
haruki,kojima10,haruki.kojima10@gmail.com,6senseJapan@2026,6sense Japan,Japan,User,user,1,NOW()
kanon,suzuki15,kanon.suzuki15@outlook.com,6senseJapan@2026,6sense Japan,Japan,User,user,1,NOW()
koki,watanabe19,koki.watanabe19@company.com,6senseJapan@2026,6sense Japan,Japan,User,user,1,NOW()
nozomi,fujita62,nozomi.fujita62@yahoo.com,6senseJapan@2026,6sense Japan,Japan,User,user,1,NOW()
ayaka,murakami11,ayaka.murakami11@yahoo.com,Act-OnJapan@2026,Act-On Japan,Japan,User,user,1,NOW()
sakura,koyama14,sakura.koyama14@gmail.com,Act-OnJapan@2026,Act-On Japan,Japan,User,user,1,NOW()
yuna,kudo21,yuna.kudo21@hotmail.com,Act-OnJapan@2026,Act-On Japan,Japan,User,user,1,NOW()
haruki,yamamoto44,haruki.yamamoto44@gmail.com,AdobeMarketoJapan@2026,Adobe Marketo Japan,Japan,User,user,1,NOW()
rin,sasaki52,rin.sasaki52@hotmail.com,AdobeMarketoJapan@2026,Adobe Marketo Japan,Japan,User,user,1,NOW()
yume,fukuda53,yume.fukuda53@company.com,AdobeMarketoJapan@2026,Adobe Marketo Japan,Japan,User,user,1,NOW()
saki,watanabe28,saki.watanabe28@company.com,AutopilotJapan@2026,Autopilot Japan,Japan,User,user,1,NOW()
yuki,ota30,yuki.ota30@company.com,AutopilotJapan@2026,Autopilot Japan,Japan,User,user,1,NOW()
yuki,mori33,yuki.mori33@company.com,AutopilotJapan@2026,Autopilot Japan,Japan,User,user,1,NOW()
yua,tanaka31,yua.tanaka31@outlook.com,BomboraJapan@2026,Bombora Japan,Japan,User,user,1,NOW()
sora,yamamoto34,sora.yamamoto34@gmail.com,ClearbitJapan@2026,Clearbit Japan,Japan,User,user,1,NOW()
yui,yamamoto29,yui.yamamoto29@gmail.com,ClearbitJapan@2026,Clearbit Japan,Japan,User,user,1,NOW()
koki,okamoto2,koki.okamoto2@outlook.com,DemandbaseJapan@2026,Demandbase Japan,Japan,User,user,1,NOW()
ren,kojima61,ren.kojima61@hotmail.com,DripJapan@2026,Drip Japan,Japan,User,user,1,NOW()
kanon,takahashi8,kanon.takahashi8@company.com,Dun&BradstreetJapan@2026,Dun & Bradstreet Japan,Japan,User,user,1,NOW()
rin,tanaka17,rin.tanaka17@company.com,Dun&BradstreetJapan@2026,Dun & Bradstreet Japan,Japan,User,user,1,NOW()
sora,fujiwara9,sora.fujiwara9@outlook.com,Dun&BradstreetJapan@2026,Dun & Bradstreet Japan,Japan,User,user,1,NOW()
anju,murakami63,anju.murakami63@gmail.com,EloquaJapan@2026,Eloqua Japan,Japan,User,user,1,NOW()
rin,miura27,rin.miura27@hotmail.com,EloquaJapan@2026,Eloqua Japan,Japan,User,user,1,NOW()
hina,suzuki54,hina.suzuki54@outlook.com,FreshworksJapan@2026,Freshworks Japan,Japan,User,user,1,NOW()
koharu,okamoto7,koharu.okamoto7@gmail.com,HubSpotJapan@2026,HubSpot Japan,Japan,User,user,1,NOW()
rina,murakami42,rina.murakami42@gmail.com,HubSpotJapan@2026,HubSpot Japan,Japan,User,user,1,NOW()
aoi,yamada48,aoi.yamada48@company.com,InfusionsoftJapan@2026,Infusionsoft Japan,Japan,User,user,1,NOW()
hina,hasegawa56,hina.hasegawa56@gmail.com,InfusionsoftJapan@2026,Infusionsoft Japan,Japan,User,user,1,NOW()
koki,kimura37,koki.kimura37@gmail.com,InsightlyJapan@2026,Insightly Japan,Japan,User,user,1,NOW()
kokone,kobayashi1,kokone.kobayashi1@gmail.com,InsightlyJapan@2026,Insightly Japan,Japan,User,user,1,NOW()
haruki,fukuda58,haruki.fukuda58@company.com,LatticeEnginesJapan@2026,Lattice Engines Japan,Japan,User,user,1,NOW()
haruto,koyama5,haruto.koyama5@yahoo.com,LatticeEnginesJapan@2026,Lattice Engines Japan,Japan,User,user,1,NOW()
karen,fukuda20,karen.fukuda20@yahoo.com,LatticeEnginesJapan@2026,Lattice Engines Japan,Japan,User,user,1,NOW()
rina,ota39,rina.ota39@outlook.com,LatticeEnginesJapan@2026,Lattice Engines Japan,Japan,User,user,1,NOW()
sora,fujiwara18,sora.fujiwara18@gmail.com,LatticeEnginesJapan@2026,Lattice Engines Japan,Japan,User,user,1,NOW()
suzu,miura40,suzu.miura40@gmail.com,LatticeEnginesJapan@2026,Lattice Engines Japan,Japan,User,user,1,NOW()
suzu,kimura47,suzu.kimura47@hotmail.com,LeadFeederJapan@2026,LeadFeeder Japan,Japan,User,user,1,NOW()
hina,kojima59,hina.kojima59@hotmail.com,LeadSquaredJapan@2026,LeadSquared Japan,Japan,User,user,1,NOW()
sota,hasegawa36,sota.hasegawa36@hotmail.com,LeadSquaredJapan@2026,LeadSquared Japan,Japan,User,user,1,NOW()
yuto,tanaka12,yuto.tanaka12@gmail.com,LeadSquaredJapan@2026,LeadSquared Japan,Japan,User,user,1,NOW()
aoi,goto24,aoi.goto24@yahoo.com,MarketoJapan@2026,Marketo Japan,Japan,User,user,1,NOW()
misaki,kimura38,misaki.kimura38@hotmail.com,MarketoJapan@2026,Marketo Japan,Japan,User,user,1,NOW()
riko,sasaki25,riko.sasaki25@gmail.com,MarketoJapan@2026,Marketo Japan,Japan,User,user,1,NOW()
mei,sato60,mei.sato60@hotmail.com,OracleMarketingCloudJapan@2026,Oracle Marketing Cloud Japan,Japan,User,user,1,NOW()
riko,inoue13,riko.inoue13@gmail.com,OutreachJapan@2026,Outreach Japan,Japan,User,user,1,NOW()
rira,miura3,rira.miura3@company.com,OutreachJapan@2026,Outreach Japan,Japan,User,user,1,NOW()
sakura,ota45,sakura.ota45@hotmail.com,OutreachJapan@2026,Outreach Japan,Japan,User,user,1,NOW()
suzu,murakami22,suzu.murakami22@gmail.com,OutreachJapan@2026,Outreach Japan,Japan,User,user,1,NOW()
kanon,miura41,kanon.miura41@yahoo.com,PardotJapan@2026,Pardot Japan,Japan,User,user,1,NOW()
koharu,okamoto50,koharu.okamoto50@company.com,PardotJapan@2026,Pardot Japan,Japan,User,user,1,NOW()
mei,tanaka32,mei.tanaka32@yahoo.com,PardotJapan@2026,Pardot Japan,Japan,User,user,1,NOW()
nanami,nakamura35,nanami.nakamura35@gmail.com,SalesforceJapan@2026,Salesforce Japan,Japan,User,user,1,NOW()
yuna,sato64,yuna.sato64@hotmail.com,SalesforceJapan@2026,Salesforce Japan,Japan,User,user,1,NOW()
miyu,okamoto4,miyu.okamoto4@outlook.com,SalesfusionJapan@2026,Salesfusion Japan,Japan,User,user,1,NOW()
rin,inoue55,rin.inoue55@outlook.com,SalesfusionJapan@2026,Salesfusion Japan,Japan,User,user,1,NOW()
yume,yamaguchi51,yume.yamaguchi51@yahoo.com,SalesfusionJapan@2026,Salesfusion Japan,Japan,User,user,1,NOW()
kokone,takahashi26,kokone.takahashi26@gmail.com,SharpSpringJapan@2026,SharpSpring Japan,Japan,User,user,1,NOW()
hina,goto6,hina.goto6@company.com,WoodpeckerJapan@2026,Woodpecker Japan,Japan,User,user,1,NOW()
misaki,sasaki49,misaki.sasaki49@yahoo.com,WoodpeckerJapan@2026,Woodpecker Japan,Japan,User,user,1,NOW()
miyu,yamaguchi43,miyu.yamaguchi43@yahoo.com,WoodpeckerJapan@2026,Woodpecker Japan,Japan,User,user,1,NOW()
aoi,kudo23,aoi.kudo23@yahoo.com,ZohoJapan@2026,Zoho Japan,Japan,User,user,1,NOW()
koharu,sasaki57,koharu.sasaki57@hotmail.com,ZohoJapan@2026,Zoho Japan,Japan,User,user,1,NOW()
koki,mori16,koki.mori16@hotmail.com,ZohoJapan@2026,Zoho Japan,Japan,User,user,1,NOW()
riko,inoue46,riko.inoue46@outlook.com,ZoomInfoJapan@2026,ZoomInfo Japan,Japan,User,user,1,NOW()
amelia,jackson26,amelia.jackson26@gmail.com,6senseUK@2026,6sense UK,United Kingdom,User,user,1,NOW()
esme,clarke47,esme.clarke47@yahoo.com,6senseUK@2026,6sense UK,United Kingdom,User,user,1,NOW()
willow,roberts7,willow.roberts7@gmail.com,6senseUK@2026,6sense UK,United Kingdom,User,user,1,NOW()
oliver,evans46,oliver.evans46@company.com,Act-OnUK@2026,Act-On UK,United Kingdom,User,user,1,NOW()
ava,martin44,ava.martin44@hotmail.com,AdobeMarketoUK@2026,Adobe Marketo UK,United Kingdom,User,user,1,NOW()
harry,clarke39,harry.clarke39@yahoo.com,AdobeMarketoUK@2026,Adobe Marketo UK,United Kingdom,User,user,1,NOW()
lily,jackson21,lily.jackson21@company.com,AdobeMarketoUK@2026,Adobe Marketo UK,United Kingdom,User,user,1,NOW()
amelia,west13,amelia.west13@company.com,AutopilotUK@2026,Autopilot UK,United Kingdom,User,user,1,NOW()
ava,brown37,ava.brown37@outlook.com,AutopilotUK@2026,Autopilot UK,United Kingdom,User,user,1,NOW()
freya,roberts34,freya.roberts34@outlook.com,AutopilotUK@2026,Autopilot UK,United Kingdom,User,user,1,NOW()
mia,roberts22,mia.roberts22@gmail.com,BomboraUK@2026,Bombora UK,United Kingdom,User,user,1,NOW()
theo,clarke2,theo.clarke2@outlook.com,BomboraUK@2026,Bombora UK,United Kingdom,User,user,1,NOW()
evelyn,brown17,evelyn.brown17@yahoo.com,ClearbitUK@2026,Clearbit UK,United Kingdom,User,user,1,NOW()
ivy,martin58,ivy.martin58@yahoo.com,ClearbitUK@2026,Clearbit UK,United Kingdom,User,user,1,NOW()
layla,roberts29,layla.roberts29@gmail.com,ClearbitUK@2026,Clearbit UK,United Kingdom,User,user,1,NOW()
olivia,king40,olivia.king40@yahoo.com,ClearbitUK@2026,Clearbit UK,United Kingdom,User,user,1,NOW()
poppy,lee54,poppy.lee54@company.com,ClearbitUK@2026,Clearbit UK,United Kingdom,User,user,1,NOW()
ruby,brown33,ruby.brown33@outlook.com,ClearbitUK@2026,Clearbit UK,United Kingdom,User,user,1,NOW()
theo,west11,theo.west11@company.com,ClearbitUK@2026,Clearbit UK,United Kingdom,User,user,1,NOW()
rosie,west59,rosie.west59@yahoo.com,DemandbaseUK@2026,Demandbase UK,United Kingdom,User,user,1,NOW()
charlotte,jackson10,charlotte.jackson10@outlook.com,DripUK@2026,Drip UK,United Kingdom,User,user,1,NOW()
willow,thompson51,willow.thompson51@hotmail.com,DripUK@2026,Drip UK,United Kingdom,User,user,1,NOW()
charlie,clarke35,charlie.clarke35@outlook.com,Dun&BradstreetUK@2026,Dun & Bradstreet UK,United Kingdom,User,user,1,NOW()
ivy,martin3,ivy.martin3@hotmail.com,Dun&BradstreetUK@2026,Dun & Bradstreet UK,United Kingdom,User,user,1,NOW()
noah,jones6,noah.jones6@company.com,Dun&BradstreetUK@2026,Dun & Bradstreet UK,United Kingdom,User,user,1,NOW()
noah,king12,noah.king12@company.com,FreshworksUK@2026,Freshworks UK,United Kingdom,User,user,1,NOW()
theo,white36,theo.white36@outlook.com,FreshworksUK@2026,Freshworks UK,United Kingdom,User,user,1,NOW()
evelyn,smith56,evelyn.smith56@outlook.com,HubSpotUK@2026,HubSpot UK,United Kingdom,User,user,1,NOW()
isla,morgan41,isla.morgan41@yahoo.com,InfusionsoftUK@2026,Infusionsoft UK,United Kingdom,User,user,1,NOW()
scarlett,walker28,scarlett.walker28@outlook.com,InfusionsoftUK@2026,Infusionsoft UK,United Kingdom,User,user,1,NOW()
charlotte,wilson25,charlotte.wilson25@company.com,InsightlyUK@2026,Insightly UK,United Kingdom,User,user,1,NOW()
freya,cooper52,freya.cooper52@yahoo.com,InsightlyUK@2026,Insightly UK,United Kingdom,User,user,1,NOW()
isla,clarke42,isla.clarke42@yahoo.com,InsightlyUK@2026,Insightly UK,United Kingdom,User,user,1,NOW()
leo,robinson20,leo.robinson20@company.com,InsightlyUK@2026,Insightly UK,United Kingdom,User,user,1,NOW()
lily,jackson38,lily.jackson38@hotmail.com,InsightlyUK@2026,Insightly UK,United Kingdom,User,user,1,NOW()
amelia,wood4,amelia.wood4@hotmail.com,LeadFeederUK@2026,LeadFeeder UK,United Kingdom,User,user,1,NOW()
sienna,lee60,sienna.lee60@hotmail.com,LeadFeederUK@2026,LeadFeeder UK,United Kingdom,User,user,1,NOW()
layla,brown53,layla.brown53@hotmail.com,LeadSquaredUK@2026,LeadSquared UK,United Kingdom,User,user,1,NOW()
emily,brown55,emily.brown55@hotmail.com,MarketoUK@2026,Marketo UK,United Kingdom,User,user,1,NOW()
esme,johnson30,esme.johnson30@gmail.com,MarketoUK@2026,Marketo UK,United Kingdom,User,user,1,NOW()
harper,brown8,harper.brown8@gmail.com,OracleMarketingCloudUK@2026,Oracle Marketing Cloud UK,United Kingdom,User,user,1,NOW()
maisy,watson50,maisy.watson50@yahoo.com,OracleMarketingCloudUK@2026,Oracle Marketing Cloud UK,United Kingdom,User,user,1,NOW()
ruby,cooper49,ruby.cooper49@outlook.com,OracleMarketingCloudUK@2026,Oracle Marketing Cloud UK,United Kingdom,User,user,1,NOW()
ella,taylor23,ella.taylor23@yahoo.com,OutreachUK@2026,Outreach UK,United Kingdom,User,user,1,NOW()
grace,martin15,grace.martin15@outlook.com,PardotUK@2026,Pardot UK,United Kingdom,User,user,1,NOW()
jack,thomas18,jack.thomas18@yahoo.com,PardotUK@2026,Pardot UK,United Kingdom,User,user,1,NOW()
mia,white31,mia.white31@gmail.com,PardotUK@2026,Pardot UK,United Kingdom,User,user,1,NOW()
esme,martin19,esme.martin19@yahoo.com,SalesforceUK@2026,Salesforce UK,United Kingdom,User,user,1,NOW()
ivy,jones57,ivy.jones57@yahoo.com,SalesforceUK@2026,Salesforce UK,United Kingdom,User,user,1,NOW()
isla,brown43,isla.brown43@gmail.com,SalesfusionUK@2026,Salesfusion UK,United Kingdom,User,user,1,NOW()
noah,johnson24,noah.johnson24@outlook.com,SalesfusionUK@2026,Salesfusion UK,United Kingdom,User,user,1,NOW()
sienna,harris16,sienna.harris16@outlook.com,SalesfusionUK@2026,Salesfusion UK,United Kingdom,User,user,1,NOW()
sophie,morgan32,sophie.morgan32@hotmail.com,SalesfusionUK@2026,Salesfusion UK,United Kingdom,User,user,1,NOW()
isabella,wright45,isabella.wright45@yahoo.com,SharpSpringUK@2026,SharpSpring UK,United Kingdom,User,user,1,NOW()
ivy,west14,ivy.west14@company.com,SharpSpringUK@2026,SharpSpring UK,United Kingdom,User,user,1,NOW()
sophia,evans48,sophia.evans48@outlook.com,SharpSpringUK@2026,SharpSpring UK,United Kingdom,User,user,1,NOW()
emily,west27,emily.west27@outlook.com,WoodpeckerUK@2026,Woodpecker UK,United Kingdom,User,user,1,NOW()
oliver,edwards1,oliver.edwards1@hotmail.com,WoodpeckerUK@2026,Woodpecker UK,United Kingdom,User,user,1,NOW()
emily,roberts9,emily.roberts9@company.com,ZohoUK@2026,Zoho UK,United Kingdom,User,user,1,NOW()
jack,morgan5,jack.morgan5@hotmail.com,ZohoUK@2026,Zoho UK,United Kingdom,User,user,1,NOW()
emily,robinson20,emily.robinson20@hotmail.com,6sense@2026,6sense,United States,User,user,1,NOW()
richard,ramirez15,richard.ramirez15@outlook.com,6sense@2026,6sense,United States,User,user,1,NOW()
karen,thomas27,karen.thomas27@gmail.com,Act-On@2026,Act-On,United States,User,user,1,NOW()
margaret,robinson40,margaret.robinson40@hotmail.com,AdobeMarketo@2026,Adobe Marketo,United States,User,user,1,NOW()
susan,wilson42,susan.wilson42@company.com,AdobeMarketo@2026,Adobe Marketo,United States,User,user,1,NOW()
melissa,martinez49,melissa.martinez49@yahoo.com,Autopilot@2026,Autopilot,United States,User,user,1,NOW()
robert,lopez70,robert.lopez70@hotmail.com,Autopilot@2026,Autopilot,United States,User,user,1,NOW()
barbara,sanchez19,barbara.sanchez19@hotmail.com,Bombora@2026,Bombora,United States,User,user,1,NOW()
charles,white45,charles.white45@hotmail.com,Bombora@2026,Bombora,United States,User,user,1,NOW()
margaret,brown3,margaret.brown3@gmail.com,Bombora@2026,Bombora,United States,User,user,1,NOW()
sarah,lewis7,sarah.lewis7@company.com,Bombora@2026,Bombora,United States,User,user,1,NOW()
john,robinson29,john.robinson29@company.com,Calendly@2026,Calendly,United States,User,user,1,NOW()
michelle,perez37,michelle.perez37@outlook.com,Calendly@2026,Calendly,United States,User,user,1,NOW()
deborah,lewis56,deborah.lewis56@gmail.com,Clearbit@2026,Clearbit,United States,User,user,1,NOW()
deborah,lee68,deborah.lee68@outlook.com,Clearbit@2026,Clearbit,United States,User,user,1,NOW()
donna,white17,donna.white17@outlook.com,Clearbit@2026,Clearbit,United States,User,user,1,NOW()
kimberly,robinson25,kimberly.robinson25@company.com,Clearbit@2026,Clearbit,United States,User,user,1,NOW()
dorothy,thompson48,dorothy.thompson48@gmail.com,Demandbase@2026,Demandbase,United States,User,user,1,NOW()
betty,robinson28,betty.robinson28@outlook.com,Drift@2026,Drift,United States,User,user,1,NOW()
donna,perez69,donna.perez69@yahoo.com,Drift@2026,Drift,United States,User,user,1,NOW()
jessica,anderson1,jessica.anderson1@company.com,Drift@2026,Drift,United States,User,user,1,NOW()
karen,williams72,karen.williams72@outlook.com,Drift@2026,Drift,United States,User,user,1,NOW()
kimberly,hernandez46,kimberly.hernandez46@yahoo.com,Drift@2026,Drift,United States,User,user,1,NOW()
lisa,sanchez74,lisa.sanchez74@company.com,Drift@2026,Drift,United States,User,user,1,NOW()
amanda,martin9,amanda.martin9@outlook.com,Drip@2026,Drip,United States,User,user,1,NOW()
james,perez26,james.perez26@company.com,Drip@2026,Drip,United States,User,user,1,NOW()
melissa,thomas35,melissa.thomas35@yahoo.com,Drip@2026,Drip,United States,User,user,1,NOW()
thomas,lopez8,thomas.lopez8@outlook.com,Drip@2026,Drip,United States,User,user,1,NOW()
donna,white60,donna.white60@outlook.com,Dun&Bradstreet@2026,Dun & Bradstreet,United States,User,user,1,NOW()
margaret,jones50,margaret.jones50@gmail.com,Dun&Bradstreet@2026,Dun & Bradstreet,United States,User,user,1,NOW()
carol,anderson24,carol.anderson24@gmail.com,Eloqua@2026,Eloqua,United States,User,user,1,NOW()
kimberly,perez59,kimberly.perez59@hotmail.com,Eloqua@2026,Eloqua,United States,User,user,1,NOW()
richard,thomas16,richard.thomas16@company.com,Eloqua@2026,Eloqua,United States,User,user,1,NOW()
sharon,moore6,sharon.moore6@hotmail.com,Eloqua@2026,Eloqua,United States,User,user,1,NOW()
barbara,hernandez47,barbara.hernandez47@hotmail.com,HubSpot@2026,HubSpot,United States,User,user,1,NOW()
deborah,taylor64,deborah.taylor64@gmail.com,HubSpot@2026,HubSpot,United States,User,user,1,NOW()
dorothy,wilson31,dorothy.wilson31@outlook.com,Infusionsoft@2026,Infusionsoft,United States,User,user,1,NOW()
michelle,robinson2,michelle.robinson2@outlook.com,Infusionsoft@2026,Infusionsoft,United States,User,user,1,NOW()
sarah,miller53,sarah.miller53@gmail.com,Infusionsoft@2026,Infusionsoft,United States,User,user,1,NOW()
thomas,perez21,thomas.perez21@outlook.com,Infusionsoft@2026,Infusionsoft,United States,User,user,1,NOW()
elizabeth,perez55,elizabeth.perez55@gmail.com,Insightly@2026,Insightly,United States,User,user,1,NOW()
emily,lopez23,emily.lopez23@yahoo.com,Insightly@2026,Insightly,United States,User,user,1,NOW()
kimberly,jones43,kimberly.jones43@company.com,Insightly@2026,Insightly,United States,User,user,1,NOW()
lisa,davis52,lisa.davis52@company.com,Insightly@2026,Insightly,United States,User,user,1,NOW()
nancy,ramirez41,nancy.ramirez41@hotmail.com,Insightly@2026,Insightly,United States,User,user,1,NOW()
patricia,martin39,patricia.martin39@outlook.com,Insightly@2026,Insightly,United States,User,user,1,NOW()
charles,miller36,charles.miller36@outlook.com,LatticeEngines@2026,Lattice Engines,United States,User,user,1,NOW()
linda,white4,linda.white4@hotmail.com,LatticeEngines@2026,Lattice Engines,United States,User,user,1,NOW()
rebecca,lee22,rebecca.lee22@hotmail.com,LatticeEngines@2026,Lattice Engines,United States,User,user,1,NOW()
sandra,ramirez38,sandra.ramirez38@gmail.com,LeadFeeder@2026,LeadFeeder,United States,User,user,1,NOW()
emily,harris44,emily.harris44@company.com,LeadSquared@2026,LeadSquared,United States,User,user,1,NOW()
michelle,martin51,michelle.martin51@hotmail.com,Marketo@2026,Marketo,United States,User,user,1,NOW()
james,johnson33,james.johnson33@hotmail.com,OracleMarketingCloud@2026,Oracle Marketing Cloud,United States,User,user,1,NOW()
jennifer,lopez67,jennifer.lopez67@hotmail.com,OracleMarketingCloud@2026,Oracle Marketing Cloud,United States,User,user,1,NOW()
carol,wilson54,carol.wilson54@hotmail.com,Outreach@2026,Outreach,United States,User,user,1,NOW()
jennifer,perez12,jennifer.perez12@hotmail.com,Outreach@2026,Outreach,United States,User,user,1,NOW()
sandra,thompson63,sandra.thompson63@gmail.com,Outreach@2026,Outreach,United States,User,user,1,NOW()
sarah,lee73,sarah.lee73@company.com,Outreach@2026,Outreach,United States,User,user,1,NOW()
william,moore14,william.moore14@yahoo.com,Outreach@2026,Outreach,United States,User,user,1,NOW()
lisa,lee11,lisa.lee11@hotmail.com,RingCentral@2026,RingCentral,United States,User,user,1,NOW()
dorothy,sanchez66,dorothy.sanchez66@company.com,Salesforce@2026,Salesforce,United States,User,user,1,NOW()
kimberly,taylor71,kimberly.taylor71@company.com,Salesforce@2026,Salesforce,United States,User,user,1,NOW()
mary,lopez34,mary.lopez34@company.com,Salesforce@2026,Salesforce,United States,User,user,1,NOW()
michael,wilson30,michael.wilson30@company.com,Salesforce@2026,Salesforce,United States,User,user,1,NOW()
emily,robinson5,emily.robinson5@outlook.com,Salesfusion@2026,Salesfusion,United States,User,user,1,NOW()
margaret,garcia10,margaret.garcia10@yahoo.com,Salesfusion@2026,Salesfusion,United States,User,user,1,NOW()
rebecca,rodriguez32,rebecca.rodriguez32@company.com,Salesfusion@2026,Salesfusion,United States,User,user,1,NOW()
charles,wilson61,charles.wilson61@outlook.com,SharpSpring@2026,SharpSpring,United States,User,user,1,NOW()
james,johnson65,james.johnson65@company.com,SharpSpring@2026,SharpSpring,United States,User,user,1,NOW()
amanda,gonzalez18,amanda.gonzalez18@company.com,Terminus@2026,Terminus,United States,User,user,1,NOW()
nancy,lewis57,nancy.lewis57@yahoo.com,Zoho@2026,Zoho,United States,User,user,1,NOW()
william,martin58,william.martin58@outlook.com,Zoho@2026,Zoho,United States,User,user,1,NOW()
dorothy,garcia62,dorothy.garcia62@outlook.com,ZoomInfo@2026,ZoomInfo,United States,User,user,1,NOW()
linda,miller13,linda.miller13@outlook.com,ZoomInfo@2026,ZoomInfo,United States,User,user,1,NOW()