id,first_name,last_name,email,plain_password,company_name,country
6,"user","user123","user123@gmail.com","tgstechinfo@2026","tgstechinfo",""
7,"Diya","Patel","diya.patel1@outlook.com","AdobeMarketo@2026","Adobe Marketo","India"
8,"Arjun","Tiwari","arjun.tiwari2@hotmail.com","Outreach@2026","Outreach","India"
9,"Neha","Jain","neha.jain3@gmail.com","ActOn@2026","Act-On","India"
10,"Aditya","Chopra","aditya.chopra4@outlook.com","HubSpot@2026","HubSpot","India"
11,"Kiaan","Jain","kiaan.jain5@yahoo.com","Infusionsoft@2026","Infusionsoft","India"
12,"Kiaan","Nair","kiaan.nair6@company.com","Demandbase@2026","Demandbase","India"
13,"Anita","Tiwari","anita.tiwari7@hotmail.com","Zoho@2026","Zoho","India"
14,"Ananya","Bhatia","ananya.bhatia8@company.com","Zoho@2026","Zoho","India"
15,"Rohan","Kapoor","rohan.kapoor9@gmail.com","Marketo@2026","Marketo","India"
16,"Aditi","Kumar","aditi.kumar10@gmail.com","ClickDimensions@2026","ClickDimensions","India"
17,"Raj","Menon","raj.menon11@outlook.com","Insightly@2026","Insightly","India"
18,"Kavya","Saxena","kavya.saxena12@outlook.com","Demandbase@2026","Demandbase","India"
19,"Veer","Shah","veer.shah13@gmail.com","DunBradstreet@2026","Dun & Bradstreet","India"
20,"Kiaan","Jain","kiaan.jain14@company.com","Marketo@2026","Marketo","India"
21,"Vivaan","Das","vivaan.das15@company.com","Insightly@2026","Insightly","India"
22,"Ananya","Reddy","ananya.reddy16@outlook.com","Pardot@2026","Pardot","India"
23,"Aditya","Shah","aditya.shah17@hotmail.com","LeadSquared@2026","LeadSquared","India"
24,"Raj","Reddy","raj.reddy18@gmail.com","Salesfusion@2026","Salesfusion","India"
25,"Advik","Pandey","advik.pandey19@yahoo.com","Zoho@2026","Zoho","India"
26,"Diya","Verma","diya.verma20@hotmail.com","Salesforce@2026","Salesforce","India"
27,"Vivaan","Bhatia","vivaan.bhatia21@company.com","HubSpot@2026","HubSpot","India"
28,"Vihaan","Menon","vihaan.menon22@outlook.com","Woodpecker@2026","Woodpecker","India"
29,"Aarav","Pandey","aarav.pandey23@outlook.com","Insightly@2026","Insightly","India"
30,"Veer","Tiwari","veer.tiwari24@gmail.com","LeadSquared@2026","LeadSquared","India"
31,"Kabir","Mishra","kabir.mishra25@outlook.com","Freshworks@2026","Freshworks","India"
32,"Aditi","Reddy","aditi.reddy26@yahoo.com","ZoomInfo@2026","ZoomInfo","India"
33,"Anita","Tiwari","anita.tiwari27@hotmail.com","ActOn@2026","Act-On","India"
34,"Kavya","Dubey","kavya.dubey28@yahoo.com","Eloqua@2026","Eloqua","India"
35,"Meera","Shukla","meera.shukla29@hotmail.com","LatticeEngines@2026","Lattice Engines","India"
36,"Priya","Yadav","priya.yadav30@company.com","Bombora@2026","Bombora","India"
37,"Aditya","Kumar","aditya.kumar31@outlook.com","Salesfusion@2026","Salesfusion","India"
38,"Saanvi","Kaur","saanvi.kaur32@yahoo.com","Infusionsoft@2026","Infusionsoft","India"
39,"Aditi","Malhotra","aditi.malhotra33@yahoo.com","OracleMarketingCloud@2026","Oracle Marketing Cloud","India"
40,"Aditya","Patel","aditya.patel34@gmail.com","Drip@2026","Drip","India"
41,"Suresh","Bhatia","suresh.bhatia35@outlook.com","Drip@2026","Drip","India"
42,"Kabir","Singh","kabir.singh36@outlook.com","Zoho@2026","Zoho","India"
43,"Meera","Kapoor","meera.kapoor37@outlook.com","Woodpecker@2026","Woodpecker","India"
44,"Veer","Reddy","veer.reddy38@company.com","LeadSquared@2026","LeadSquared","India"
45,"Advik","Singh","advik.singh39@gmail.com","6sense@2026","6sense","India"
46,"Raj","Khanna","raj.khanna40@company.com","HubSpot@2026","HubSpot","India"
47,"Harper","Taylor","harper.taylor1@hotmail.com","DripAustralia@2026","Drip Australia","Australia"
48,"William","Martinez","william.martinez2@yahoo.com","FreshworksAustralia@2026","Freshworks Australia","Australia"
49,"Zoe","Wilson","zoe.wilson3@yahoo.com","DemandbaseAustralia@2026","Demandbase Australia","Australia"
50,"Ruby","Thomas","ruby.thomas4@outlook.com","EloquaAustralia@2026","Eloqua Australia","Australia"
51,"Chloe","Wilson","chloe.wilson5@gmail.com","OutreachAustralia@2026","Outreach Australia","Australia"
52,"Mason","Lee","mason.lee6@company.com","LeadFeederAustralia@2026","LeadFeeder Australia","Australia"
53,"Harper","Johnson","harper.johnson7@yahoo.com","OutreachAustralia@2026","Outreach Australia","Australia"
54,"Abigail","Taylor","abigail.taylor8@yahoo.com","SalesfusionAustralia@2026","Salesfusion Australia","Australia"
55,"Ella","White","ella.white9@company.com","PardotAustralia@2026","Pardot Australia","Australia"
56,"Henry","Thomas","henry.thomas10@yahoo.com","WoodpeckerAustralia@2026","Woodpecker Australia","Australia"
57,"William","Gonzalez","william.gonzalez11@gmail.com","DripAustralia@2026","Drip Australia","Australia"
58,"Grace","Thomas","grace.thomas12@company.com","SharpSpringAustralia@2026","SharpSpring Australia","Australia"
59,"Harper","Garcia","harper.garcia13@outlook.com","ClearbitAustralia@2026","Clearbit Australia","Australia"
60,"Thomas","Lopez","thomas.lopez14@gmail.com","HubSpotAustralia@2026","HubSpot Australia","Australia"
61,"Mia","Miller","mia.miller15@yahoo.com","SalesfusionAustralia@2026","Salesfusion Australia","Australia"
62,"Chloe","Williams","chloe.williams16@outlook.com","DripAustralia@2026","Drip Australia","Australia"
63,"Olivia","Rodriguez","olivia.rodriguez17@gmail.com","DemandbaseAustralia@2026","Demandbase Australia","Australia"
64,"Zoe","Williams","zoe.williams18@company.com","MarketoAustralia@2026","Marketo Australia","Australia"
65,"Olivia","Garcia","olivia.garcia19@yahoo.com","PardotAustralia@2026","Pardot Australia","Australia"
66,"Mia","Davis","mia.davis20@outlook.com","SalesforceAustralia@2026","Salesforce Australia","Australia"
67,"Abigail","Lopez","abigail.lopez21@outlook.com","InsightlyAustralia@2026","Insightly Australia","Australia"
68,"Sophia","Davis","sophia.davis22@yahoo.com","EloquaAustralia@2026","Eloqua Australia","Australia"
69,"James","Robinson","james.robinson23@gmail.com","LatticeEnginesAustralia@2026","Lattice Engines Australia","Australia"
70,"Charlotte","Jones","charlotte.jones24@hotmail.com","AdobeMarketoAustralia@2026","Adobe Marketo Australia","Australia"
71,"Chloe","Martinez","chloe.martinez25@hotmail.com","HubSpotAustralia@2026","HubSpot Australia","Australia"
72,"Olivia","Davis","olivia.davis26@gmail.com","LatticeEnginesAustralia@2026","Lattice Engines Australia","Australia"
73,"Jack","Harris","jack.harris27@gmail.com","6senseAustralia@2026","6sense Australia","Australia"
74,"Evie","Brown","evie.brown28@yahoo.com","InsightlyAustralia@2026","Insightly Australia","Australia"
75,"Chloe","Gonzalez","chloe.gonzalez29@hotmail.com","ZoomInfoAustralia@2026","ZoomInfo Australia","Australia"
76,"Harper","Gonzalez","harper.gonzalez30@gmail.com","6senseAustralia@2026","6sense Australia","Australia"
77,"Evelyn","Clark","evelyn.clark31@yahoo.com","InfusionsoftAustralia@2026","Infusionsoft Australia","Australia"
78,"Evelyn","Williams","evelyn.williams32@company.com","WoodpeckerAustralia@2026","Woodpecker Australia","Australia"
79,"Chloe","Garcia","chloe.garcia33@yahoo.com","OracleMarketingCloudAustralia@2026","Oracle Marketing Cloud Australia","Australia"
80,"Grace","Garcia","grace.garcia34@company.com","AdobeMarketoAustralia@2026","Adobe Marketo Australia","Australia"
81,"Ella","Williams","ella.williams35@gmail.com","InsightlyAustralia@2026","Insightly Australia","Australia"
82,"Harper","Jackson","harper.jackson36@company.com","EloquaAustralia@2026","Eloqua Australia","Australia"
83,"Jack","Brown","jack.brown37@gmail.com","WoodpeckerAustralia@2026","Woodpecker Australia","Australia"
84,"Lily","Garcia","lily.garcia38@yahoo.com","EloquaAustralia@2026","Eloqua Australia","Australia"
85,"Mia","Harris","mia.harris39@outlook.com","DripAustralia@2026","Drip Australia","Australia"
86,"Millie","Thompson","millie.thompson40@outlook.com","DunBradstreetAustralia@2026","Dun & Bradstreet Australia","Australia"
87,"Noah","Robinson","noah.robinson41@yahoo.com","LatticeEnginesAustralia@2026","Lattice Engines Australia","Australia"
88,"Evelyn","Martinez","evelyn.martinez42@yahoo.com","ClearbitAustralia@2026","Clearbit Australia","Australia"
89,"Liam","Lee","liam.lee43@yahoo.com","DripAustralia@2026","Drip Australia","Australia"
90,"Evelyn","Johnson","evelyn.johnson44@gmail.com","SharpSpringAustralia@2026","SharpSpring Australia","Australia"
91,"Harper","Garcia","harper.garcia45@hotmail.com","LeadFeederAustralia@2026","LeadFeeder Australia","Australia"
92,"Lily","Hernandez","lily.hernandez46@hotmail.com","InfusionsoftAustralia@2026","Infusionsoft Australia","Australia"
93,"Amelia","Thompson","amelia.thompson47@company.com","PardotAustralia@2026","Pardot Australia","Australia"
94,"Harper","Miller","harper.miller48@gmail.com","EloquaAustralia@2026","Eloqua Australia","Australia"
95,"Olivia","Hernandez","olivia.hernandez49@yahoo.com","LeadFeederAustralia@2026","LeadFeeder Australia","Australia"
96,"Lucas","Thomas","lucas.thomas50@company.com","ClearbitAustralia@2026","Clearbit Australia","Australia"
97,"Henry","Robinson","henry.robinson51@company.com","EloquaAustralia@2026","Eloqua Australia","Australia"
98,"Olivia","Lee","olivia.lee52@outlook.com","AutopilotAustralia@2026","Autopilot Australia","Australia"
99,"Zoe","Jackson","zoe.jackson53@company.com","OracleMarketingCloudAustralia@2026","Oracle Marketing Cloud Australia","Australia"
100,"Grace","Thompson","grace.thompson54@yahoo.com","SalesforceAustralia@2026","Salesforce Australia","Australia"
101,"Thomas","Johnson","thomas.johnson55@company.com","OracleMarketingCloudAustralia@2026","Oracle Marketing Cloud Australia","Australia"
102,"Emily","Martinez","emily.martinez56@yahoo.com","DripAustralia@2026","Drip Australia","Australia"
103,"Hannah","Lopez","hannah.lopez57@company.com","LeadSquaredAustralia@2026","LeadSquared Australia","Australia"
104,"Evelyn","Davis","evelyn.davis58@hotmail.com","FreshworksAustralia@2026","Freshworks Australia","Australia"
105,"Grace","Miller","grace.miller59@company.com","DemandbaseAustralia@2026","Demandbase Australia","Australia"
106,"Sienna","Walker","sienna.walker60@outlook.com","BomboraAustralia@2026","Bombora Australia","Australia"
107,"Henry","Davis","henry.davis61@hotmail.com","AdobeMarketoAustralia@2026","Adobe Marketo Australia","Australia"
108,"Harper","White","harper.white62@gmail.com","LeadFeederAustralia@2026","LeadFeeder Australia","Australia"
109,"Isla","Martin","isla.martin63@hotmail.com","PardotAustralia@2026","Pardot Australia","Australia"
110,"Zoe","Jones","zoe.jones64@yahoo.com","DripAustralia@2026","Drip Australia","Australia"
111,"Amelia","Smith","amelia.smith65@company.com","AutopilotAustralia@2026","Autopilot Australia","Australia"
112,"Thomas","Robinson","thomas.robinson66@company.com","LatticeEnginesAustralia@2026","Lattice Engines Australia","Australia"
113,"Lily","Williams","lily.williams67@company.com","LeadSquaredAustralia@2026","LeadSquared Australia","Australia"
114,"Chloe","Lee","chloe.lee68@yahoo.com","AutopilotAustralia@2026","Autopilot Australia","Australia"
115,"Harper","Jackson","harper.jackson69@outlook.com","ClearbitAustralia@2026","Clearbit Australia","Australia"
116,"Mason","Martinez","mason.martinez70@gmail.com","WoodpeckerAustralia@2026","Woodpecker Australia","Australia"
117,"Henry","Jones","henry.jones71@outlook.com","MarketoAustralia@2026","Marketo Australia","Australia"
118,"Ivy","Davis","ivy.davis72@outlook.com","DunBradstreetAustralia@2026","Dun & Bradstreet Australia","Australia"
119,"Grace","Brown","grace.brown73@yahoo.com","InsightlyAustralia@2026","Insightly Australia","Australia"
120,"Noah","Rodriguez","noah.rodriguez74@company.com","PardotAustralia@2026","Pardot Australia","Australia"
121,"Jack","Rodriguez","jack.rodriguez75@hotmail.com","InsightlyAustralia@2026","Insightly Australia","Australia"
122,"William","Anderson","william.anderson76@yahoo.com","EloquaAustralia@2026","Eloqua Australia","Australia"
123,"Jessica","Anderson","jessica.anderson1@company.com","Drift@2026","Drift","United States"
124,"Michelle","Robinson","michelle.robinson2@outlook.com","Infusionsoft@2026","Infusionsoft","United States"
125,"Margaret","Brown","margaret.brown3@gmail.com","Bombora@2026","Bombora","United States"
126,"Linda","White","linda.white4@hotmail.com","LatticeEngines@2026","Lattice Engines","United States"
127,"Emily","Robinson","emily.robinson5@outlook.com","Salesfusion@2026","Salesfusion","United States"
128,"Sharon","Moore","sharon.moore6@hotmail.com","Eloqua@2026","Eloqua","United States"
129,"Sarah","Lewis","sarah.lewis7@company.com","Bombora@2026","Bombora","United States"
130,"Thomas","Lopez","thomas.lopez8@outlook.com","Drip@2026","Drip","United States"
131,"Amanda","Martin","amanda.martin9@outlook.com","Drip@2026","Drip","United States"
132,"Margaret","Garcia","margaret.garcia10@yahoo.com","Salesfusion@2026","Salesfusion","United States"
133,"Lisa","Lee","lisa.lee11@hotmail.com","RingCentral@2026","RingCentral","United States"
134,"Jennifer","Perez","jennifer.perez12@hotmail.com","Outreach@2026","Outreach","United States"
135,"Linda","Miller","linda.miller13@outlook.com","ZoomInfo@2026","ZoomInfo","United States"
136,"William","Moore","william.moore14@yahoo.com","Outreach@2026","Outreach","United States"
137,"Richard","Ramirez","richard.ramirez15@outlook.com","6sense@2026","6sense","United States"
138,"Richard","Thomas","richard.thomas16@company.com","Eloqua@2026","Eloqua","United States"
139,"Donna","White","donna.white17@outlook.com","Clearbit@2026","Clearbit","United States"
140,"Amanda","Gonzalez","amanda.gonzalez18@company.com","Terminus@2026","Terminus","United States"
141,"Barbara","Sanchez","barbara.sanchez19@hotmail.com","Bombora@2026","Bombora","United States"
142,"Emily","Robinson","emily.robinson20@hotmail.com","6sense@2026","6sense","United States"
143,"Thomas","Perez","thomas.perez21@outlook.com","Infusionsoft@2026","Infusionsoft","United States"
144,"Rebecca","Lee","rebecca.lee22@hotmail.com","LatticeEngines@2026","Lattice Engines","United States"
145,"Emily","Lopez","emily.lopez23@yahoo.com","Insightly@2026","Insightly","United States"
146,"Carol","Anderson","carol.anderson24@gmail.com","Eloqua@2026","Eloqua","United States"
147,"Kimberly","Robinson","kimberly.robinson25@company.com","Clearbit@2026","Clearbit","United States"
148,"James","Perez","james.perez26@company.com","Drip@2026","Drip","United States"
149,"Karen","Thomas","karen.thomas27@gmail.com","ActOn@2026","Act-On","United States"
150,"Betty","Robinson","betty.robinson28@outlook.com","Drift@2026","Drift","United States"
151,"John","Robinson","john.robinson29@company.com","Calendly@2026","Calendly","United States"
152,"Michael","Wilson","michael.wilson30@company.com","Salesforce@2026","Salesforce","United States"
153,"Dorothy","Wilson","dorothy.wilson31@outlook.com","Infusionsoft@2026","Infusionsoft","United States"
154,"Rebecca","Rodriguez","rebecca.rodriguez32@company.com","Salesfusion@2026","Salesfusion","United States"
155,"James","Johnson","james.johnson33@hotmail.com","OracleMarketingCloud@2026","Oracle Marketing Cloud","United States"
156,"Mary","Lopez","mary.lopez34@company.com","Salesforce@2026","Salesforce","United States"
157,"Melissa","Thomas","melissa.thomas35@yahoo.com","Drip@2026","Drip","United States"
158,"Charles","Miller","charles.miller36@outlook.com","LatticeEngines@2026","Lattice Engines","United States"
159,"Michelle","Perez","michelle.perez37@outlook.com","Calendly@2026","Calendly","United States"
160,"Sandra","Ramirez","sandra.ramirez38@gmail.com","LeadFeeder@2026","LeadFeeder","United States"
161,"Patricia","Martin","patricia.martin39@outlook.com","Insightly@2026","Insightly","United States"
162,"Margaret","Robinson","margaret.robinson40@hotmail.com","AdobeMarketo@2026","Adobe Marketo","United States"
163,"Nancy","Ramirez","nancy.ramirez41@hotmail.com","Insightly@2026","Insightly","United States"
164,"Susan","Wilson","susan.wilson42@company.com","AdobeMarketo@2026","Adobe Marketo","United States"
165,"Kimberly","Jones","kimberly.jones43@company.com","Insightly@2026","Insightly","United States"
166,"Emily","Harris","emily.harris44@company.com","LeadSquared@2026","LeadSquared","United States"
167,"Charles","White","charles.white45@hotmail.com","Bombora@2026","Bombora","United States"
168,"Kimberly","Hernandez","kimberly.hernandez46@yahoo.com","Drift@2026","Drift","United States"
169,"Barbara","Hernandez","barbara.hernandez47@hotmail.com","HubSpot@2026","HubSpot","United States"
170,"Dorothy","Thompson","dorothy.thompson48@gmail.com","Demandbase@2026","Demandbase","United States"
171,"Melissa","Martinez","melissa.martinez49@yahoo.com","Autopilot@2026","Autopilot","United States"
172,"Margaret","Jones","margaret.jones50@gmail.com","DunBradstreet@2026","Dun & Bradstreet","United States"
173,"Michelle","Martin","michelle.martin51@hotmail.com","Marketo@2026","Marketo","United States"
174,"Lisa","Davis","lisa.davis52@company.com","Insightly@2026","Insightly","United States"
175,"Sarah","Miller","sarah.miller53@gmail.com","Infusionsoft@2026","Infusionsoft","United States"
176,"Carol","Wilson","carol.wilson54@hotmail.com","Outreach@2026","Outreach","United States"
177,"Elizabeth","Perez","elizabeth.perez55@gmail.com","Insightly@2026","Insightly","United States"
178,"Deborah","Lewis","deborah.lewis56@gmail.com","Clearbit@2026","Clearbit","United States"
179,"Nancy","Lewis","nancy.lewis57@yahoo.com","Zoho@2026","Zoho","United States"
180,"William","Martin","william.martin58@outlook.com","Zoho@2026","Zoho","United States"
181,"Kimberly","Perez","kimberly.perez59@hotmail.com","Eloqua@2026","Eloqua","United States"
182,"Donna","White","donna.white60@outlook.com","DunBradstreet@2026","Dun & Bradstreet","United States"
183,"Charles","Wilson","charles.wilson61@outlook.com","SharpSpring@2026","SharpSpring","United States"
184,"Dorothy","Garcia","dorothy.garcia62@outlook.com","ZoomInfo@2026","ZoomInfo","United States"
185,"Sandra","Thompson","sandra.thompson63@gmail.com","Outreach@2026","Outreach","United States"
186,"Deborah","Taylor","deborah.taylor64@gmail.com","HubSpot@2026","HubSpot","United States"
187,"James","Johnson","james.johnson65@company.com","SharpSpring@2026","SharpSpring","United States"
188,"Dorothy","Sanchez","dorothy.sanchez66@company.com","Salesforce@2026","Salesforce","United States"
189,"Jennifer","Lopez","jennifer.lopez67@hotmail.com","OracleMarketingCloud@2026","Oracle Marketing Cloud","United States"
190,"Deborah","Lee","deborah.lee68@outlook.com","Clearbit@2026","Clearbit","United States"
191,"Donna","Perez","donna.perez69@yahoo.com","Drift@2026","Drift","United States"
192,"Robert","Lopez","robert.lopez70@hotmail.com","Autopilot@2026","Autopilot","United States"
193,"Kimberly","Taylor","kimberly.taylor71@company.com","Salesforce@2026","Salesforce","United States"
194,"Karen","Williams","karen.williams72@outlook.com","Drift@2026","Drift","United States"
195,"Sarah","Lee","sarah.lee73@company.com","Outreach@2026","Outreach","United States"
196,"Lisa","Sanchez","lisa.sanchez74@company.com","Drift@2026","Drift","United States"
197,"Paul","Funk","paul.funk1@gmail.com","ZohoGermany@2026","Zoho Germany","Germany"
198,"Clara","Schneider","clara.schneider2@outlook.com","EloquaGermany@2026","Eloqua Germany","Germany"
199,"Mia","Martin","mia.martin3@company.com","HubSpotGermany@2026","HubSpot Germany","Germany"
200,"Hannah","Vogel","hannah.vogel4@hotmail.com","AdobeMarketoGermany@2026","Adobe Marketo Germany","Germany"
201,"Emma","Krüger","emma.krüger5@outlook.com","ClearbitGermany@2026","Clearbit Germany","Germany"
202,"Paula","Krüger","paula.krüger6@outlook.com","6senseGermany@2026","6sense Germany","Germany"
203,"Lukas","Vogel","lukas.vogel7@outlook.com","SalesforceGermany@2026","Salesforce Germany","Germany"
204,"Laura","Wolf","laura.wolf8@yahoo.com","OutreachGermany@2026","Outreach Germany","Germany"
205,"Mia","Richter","mia.richter9@gmail.com","AutopilotGermany@2026","Autopilot Germany","Germany"
206,"Finn","Köhler","finn.köhler10@hotmail.com","OutreachGermany@2026","Outreach Germany","Germany"
207,"Ella","Vogel","ella.vogel11@yahoo.com","DemandbaseGermany@2026","Demandbase Germany","Germany"
208,"Marie","Lehmann","marie.lehmann12@yahoo.com","DunBradstreetGermany@2026","Dun & Bradstreet Germany","Germany"
209,"Aurelia","Schulz","aurelia.schulz13@company.com","6senseGermany@2026","6sense Germany","Germany"
210,"Lara","Weber","lara.weber14@outlook.com","DemandbaseGermany@2026","Demandbase Germany","Germany"
211,"Mina","Richter","mina.richter15@gmail.com","WoodpeckerGermany@2026","Woodpecker Germany","Germany"
212,"Lena","Zimmermann","lena.zimmermann16@hotmail.com","OracleMarketingCloudGermany@2026","Oracle Marketing Cloud Germany","Germany"
213,"Finn","Braun","finn.braun17@company.com","SalesforceGermany@2026","Salesforce Germany","Germany"
214,"Lotta","Schröder","lotta.schröder18@yahoo.com","SalesfusionGermany@2026","Salesfusion Germany","Germany"
215,"Mina","Weidmann","mina.weidmann19@yahoo.com","FreshworksGermany@2026","Freshworks Germany","Germany"
216,"Marie","Weber","marie.weber20@company.com","SalesforceGermany@2026","Salesforce Germany","Germany"
217,"Leon","Zimmermann","leon.zimmermann21@hotmail.com","FreshworksGermany@2026","Freshworks Germany","Germany"
218,"Noah","Hoffmann","noah.hoffmann22@company.com","SalesforceGermany@2026","Salesforce Germany","Germany"
219,"Max","Schmid","max.schmid23@company.com","LeadSquaredGermany@2026","LeadSquared Germany","Germany"
220,"Emma","Beck","emma.beck24@yahoo.com","FreshworksGermany@2026","Freshworks Germany","Germany"
221,"Lina","Wolf","lina.wolf25@outlook.com","FreshworksGermany@2026","Freshworks Germany","Germany"
222,"Lotta","Klein","lotta.klein26@company.com","OracleMarketingCloudGermany@2026","Oracle Marketing Cloud Germany","Germany"
223,"Sofia","Neumann","sofia.neumann27@hotmail.com","AutopilotGermany@2026","Autopilot Germany","Germany"
224,"Felix","Schulz","felix.schulz28@outlook.com","SalesforceGermany@2026","Salesforce Germany","Germany"
225,"Ella","Schröder","ella.schröder29@hotmail.com","DunBradstreetGermany@2026","Dun & Bradstreet Germany","Germany"
226,"Elias","Weidmann","elias.weidmann30@hotmail.com","AutopilotGermany@2026","Autopilot Germany","Germany"
227,"Laura","Zimmermann","laura.zimmermann31@gmail.com","DripGermany@2026","Drip Germany","Germany"
228,"Mathilda","Schulz","mathilda.schulz32@gmail.com","LeadFeederGermany@2026","LeadFeeder Germany","Germany"
229,"Felix","Schwarz","felix.schwarz33@hotmail.com","SalesforceGermany@2026","Salesforce Germany","Germany"
230,"Aurelia","Martin","aurelia.martin34@gmail.com","ActOnGermany@2026","Act-On Germany","Germany"
231,"Lukas","Neumann","lukas.neumann35@gmail.com","LeadSquaredGermany@2026","LeadSquared Germany","Germany"
232,"Marie","Jung","marie.jung36@outlook.com","ZoomInfoGermany@2026","ZoomInfo Germany","Germany"
233,"Amelie","Vogel","amelie.vogel37@yahoo.com","6senseGermany@2026","6sense Germany","Germany"
234,"Lina","Lehmann","lina.lehmann38@hotmail.com","OracleMarketingCloudGermany@2026","Oracle Marketing Cloud Germany","Germany"
235,"Ben","Zimmermann","ben.zimmermann39@gmail.com","EloquaGermany@2026","Eloqua Germany","Germany"
236,"Noah","Lange","noah.lange40@gmail.com","ZohoGermany@2026","Zoho Germany","Germany"
237,"Lea","Zimmermann","lea.zimmermann41@gmail.com","SalesforceGermany@2026","Salesforce Germany","Germany"
238,"Leon","Koch","leon.koch42@outlook.com","SharpSpringGermany@2026","SharpSpring Germany","Germany"
239,"Mila","Vogel","mila.vogel43@outlook.com","FreshworksGermany@2026","Freshworks Germany","Germany"
240,"Emma","Krüger","emma.krüger44@company.com","AutopilotGermany@2026","Autopilot Germany","Germany"
241,"Lukas","Braun","lukas.braun45@company.com","MarketoGermany@2026","Marketo Germany","Germany"
242,"Mia","Schulz","mia.schulz46@hotmail.com","LeadSquaredGermany@2026","LeadSquared Germany","Germany"
243,"Lukas","Koch","lukas.koch47@outlook.com","ZohoGermany@2026","Zoho Germany","Germany"
244,"Nora","Klein","nora.klein48@company.com","DemandbaseGermany@2026","Demandbase Germany","Germany"
245,"Elisa","Jung","elisa.jung49@company.com","EloquaGermany@2026","Eloqua Germany","Germany"
246,"Lara","Wolf","lara.wolf50@outlook.com","SalesforceGermany@2026","Salesforce Germany","Germany"
247,"Sofia","Vogel","sofia.vogel51@yahoo.com","MarketoGermany@2026","Marketo Germany","Germany"
248,"Mila","Köhler","mila.köhler52@yahoo.com","ZohoGermany@2026","Zoho Germany","Germany"
249,"Ella","Martin","ella.martin53@yahoo.com","WoodpeckerGermany@2026","Woodpecker Germany","Germany"
250,"Mia","Schulz","mia.schulz54@outlook.com","LeadSquaredGermany@2026","LeadSquared Germany","Germany"
251,"Anna","Meyer","anna.meyer55@gmail.com","AdobeMarketoGermany@2026","Adobe Marketo Germany","Germany"
252,"Leon","Vogel","leon.vogel56@hotmail.com","OutreachGermany@2026","Outreach Germany","Germany"
253,"Lea","Weidmann","lea.weidmann57@hotmail.com","LeadSquaredGermany@2026","LeadSquared Germany","Germany"
254,"Mina","Lange","mina.lange58@company.com","FreshworksGermany@2026","Freshworks Germany","Germany"
255,"Maya","Weber","maya.weber59@outlook.com","FreshworksGermany@2026","Freshworks Germany","Germany"
256,"Lara","Meyer","lara.meyer60@hotmail.com","HubSpotGermany@2026","HubSpot Germany","Germany"
257,"Lara","Klein","lara.klein61@company.com","PardotGermany@2026","Pardot Germany","Germany"
258,"Emilia","Meyer","emilia.meyer62@yahoo.com","BomboraGermany@2026","Bombora Germany","Germany"
259,"Lara","Schneider","lara.schneider63@gmail.com","DemandbaseGermany@2026","Demandbase Germany","Germany"
260,"Emilia","Hoffmann","emilia.hoffmann64@yahoo.com","DripGermany@2026","Drip Germany","Germany"
261,"Romy","Lehmann","romy.lehmann65@company.com","FreshworksGermany@2026","Freshworks Germany","Germany"
262,"Kokone","Kobayashi","kokone.kobayashi1@gmail.com","InsightlyJapan@2026","Insightly Japan","Japan"
263,"Koki","Okamoto","koki.okamoto2@outlook.com","DemandbaseJapan@2026","Demandbase Japan","Japan"
264,"Rira","Miura","rira.miura3@company.com","OutreachJapan@2026","Outreach Japan","Japan"
265,"Miyu","Okamoto","miyu.okamoto4@outlook.com","SalesfusionJapan@2026","Salesfusion Japan","Japan"
266,"Haruto","Koyama","haruto.koyama5@yahoo.com","LatticeEnginesJapan@2026","Lattice Engines Japan","Japan"
267,"Hina","Goto","hina.goto6@company.com","WoodpeckerJapan@2026","Woodpecker Japan","Japan"
268,"Koharu","Okamoto","koharu.okamoto7@gmail.com","HubSpotJapan@2026","HubSpot Japan","Japan"
269,"Kanon","Takahashi","kanon.takahashi8@company.com","DunBradstreetJapan@2026","Dun & Bradstreet Japan","Japan"
270,"Sora","Fujiwara","sora.fujiwara9@outlook.com","DunBradstreetJapan@2026","Dun & Bradstreet Japan","Japan"
271,"Haruki","Kojima","haruki.kojima10@gmail.com","6senseJapan@2026","6sense Japan","Japan"
272,"Ayaka","Murakami","ayaka.murakami11@yahoo.com","ActOnJapan@2026","Act-On Japan","Japan"
273,"Yuto","Tanaka","yuto.tanaka12@gmail.com","LeadSquaredJapan@2026","LeadSquared Japan","Japan"
274,"Riko","Inoue","riko.inoue13@gmail.com","OutreachJapan@2026","Outreach Japan","Japan"
275,"Sakura","Koyama","sakura.koyama14@gmail.com","ActOnJapan@2026","Act-On Japan","Japan"
276,"Kanon","Suzuki","kanon.suzuki15@outlook.com","6senseJapan@2026","6sense Japan","Japan"
277,"Koki","Mori","koki.mori16@hotmail.com","ZohoJapan@2026","Zoho Japan","Japan"
278,"Rin","Tanaka","rin.tanaka17@company.com","DunBradstreetJapan@2026","Dun & Bradstreet Japan","Japan"
279,"Sora","Fujiwara","sora.fujiwara18@gmail.com","LatticeEnginesJapan@2026","Lattice Engines Japan","Japan"
280,"Koki","Watanabe","koki.watanabe19@company.com","6senseJapan@2026","6sense Japan","Japan"
281,"Karen","Fukuda","karen.fukuda20@yahoo.com","LatticeEnginesJapan@2026","Lattice Engines Japan","Japan"
282,"Yuna","Kudo","yuna.kudo21@hotmail.com","ActOnJapan@2026","Act-On Japan","Japan"
283,"Suzu","Murakami","suzu.murakami22@gmail.com","OutreachJapan@2026","Outreach Japan","Japan"
284,"Aoi","Kudo","aoi.kudo23@yahoo.com","ZohoJapan@2026","Zoho Japan","Japan"
285,"Aoi","Goto","aoi.goto24@yahoo.com","MarketoJapan@2026","Marketo Japan","Japan"
286,"Riko","Sasaki","riko.sasaki25@gmail.com","MarketoJapan@2026","Marketo Japan","Japan"
287,"Kokone","Takahashi","kokone.takahashi26@gmail.com","SharpSpringJapan@2026","SharpSpring Japan","Japan"
288,"Rin","Miura","rin.miura27@hotmail.com","EloquaJapan@2026","Eloqua Japan","Japan"
289,"Saki","Watanabe","saki.watanabe28@company.com","AutopilotJapan@2026","Autopilot Japan","Japan"
290,"Yui","Yamamoto","yui.yamamoto29@gmail.com","ClearbitJapan@2026","Clearbit Japan","Japan"
291,"Yuki","Ota","yuki.ota30@company.com","AutopilotJapan@2026","Autopilot Japan","Japan"
292,"Yua","Tanaka","yua.tanaka31@outlook.com","BomboraJapan@2026","Bombora Japan","Japan"
293,"Mei","Tanaka","mei.tanaka32@yahoo.com","PardotJapan@2026","Pardot Japan","Japan"
294,"Yuki","Mori","yuki.mori33@company.com","AutopilotJapan@2026","Autopilot Japan","Japan"
295,"Sora","Yamamoto","sora.yamamoto34@gmail.com","ClearbitJapan@2026","Clearbit Japan","Japan"
296,"Nanami","Nakamura","nanami.nakamura35@gmail.com","SalesforceJapan@2026","Salesforce Japan","Japan"
297,"Sota","Hasegawa","sota.hasegawa36@hotmail.com","LeadSquaredJapan@2026","LeadSquared Japan","Japan"
298,"Koki","Kimura","koki.kimura37@gmail.com","InsightlyJapan@2026","Insightly Japan","Japan"
299,"Misaki","Kimura","misaki.kimura38@hotmail.com","MarketoJapan@2026","Marketo Japan","Japan"
300,"Rina","Ota","rina.ota39@outlook.com","LatticeEnginesJapan@2026","Lattice Engines Japan","Japan"
301,"Suzu","Miura","suzu.miura40@gmail.com","LatticeEnginesJapan@2026","Lattice Engines Japan","Japan"
302,"Kanon","Miura","kanon.miura41@yahoo.com","PardotJapan@2026","Pardot Japan","Japan"
303,"Rina","Murakami","rina.murakami42@gmail.com","HubSpotJapan@2026","HubSpot Japan","Japan"
304,"Miyu","Yamaguchi","miyu.yamaguchi43@yahoo.com","WoodpeckerJapan@2026","Woodpecker Japan","Japan"
305,"Haruki","Yamamoto","haruki.yamamoto44@gmail.com","AdobeMarketoJapan@2026","Adobe Marketo Japan","Japan"
306,"Sakura","Ota","sakura.ota45@hotmail.com","OutreachJapan@2026","Outreach Japan","Japan"
307,"Riko","Inoue","riko.inoue46@outlook.com","ZoomInfoJapan@2026","ZoomInfo Japan","Japan"
308,"Suzu","Kimura","suzu.kimura47@hotmail.com","LeadFeederJapan@2026","LeadFeeder Japan","Japan"
309,"Aoi","Yamada","aoi.yamada48@company.com","InfusionsoftJapan@2026","Infusionsoft Japan","Japan"
310,"Misaki","Sasaki","misaki.sasaki49@yahoo.com","WoodpeckerJapan@2026","Woodpecker Japan","Japan"
311,"Koharu","Okamoto","koharu.okamoto50@company.com","PardotJapan@2026","Pardot Japan","Japan"
312,"Yume","Yamaguchi","yume.yamaguchi51@yahoo.com","SalesfusionJapan@2026","Salesfusion Japan","Japan"
313,"Rin","Sasaki","rin.sasaki52@hotmail.com","AdobeMarketoJapan@2026","Adobe Marketo Japan","Japan"
314,"Yume","Fukuda","yume.fukuda53@company.com","AdobeMarketoJapan@2026","Adobe Marketo Japan","Japan"
315,"Hina","Suzuki","hina.suzuki54@outlook.com","FreshworksJapan@2026","Freshworks Japan","Japan"
316,"Rin","Inoue","rin.inoue55@outlook.com","SalesfusionJapan@2026","Salesfusion Japan","Japan"
317,"Hina","Hasegawa","hina.hasegawa56@gmail.com","InfusionsoftJapan@2026","Infusionsoft Japan","Japan"
318,"Koharu","Sasaki","koharu.sasaki57@hotmail.com","ZohoJapan@2026","Zoho Japan","Japan"
319,"Haruki","Fukuda","haruki.fukuda58@company.com","LatticeEnginesJapan@2026","Lattice Engines Japan","Japan"
320,"Hina","Kojima","hina.kojima59@hotmail.com","LeadSquaredJapan@2026","LeadSquared Japan","Japan"
321,"Mei","Sato","mei.sato60@hotmail.com","OracleMarketingCloudJapan@2026","Oracle Marketing Cloud Japan","Japan"
322,"Ren","Kojima","ren.kojima61@hotmail.com","DripJapan@2026","Drip Japan","Japan"
323,"Nozomi","Fujita","nozomi.fujita62@yahoo.com","6senseJapan@2026","6sense Japan","Japan"
324,"Anju","Murakami","anju.murakami63@gmail.com","EloquaJapan@2026","Eloqua Japan","Japan"
325,"Yuna","Sato","yuna.sato64@hotmail.com","SalesforceJapan@2026","Salesforce Japan","Japan"
326,"Mia","Martin","mia.martin1@yahoo.com","AutopilotCanada@2026","Autopilot Canada","Canada"
327,"Logan","Jones","logan.jones2@hotmail.com","DripCanada@2026","Drip Canada","Canada"
328,"Hazel","Lopez","hazel.lopez3@yahoo.com","InfusionsoftCanada@2026","Infusionsoft Canada","Canada"
329,"Nora","Garcia","nora.garcia4@outlook.com","HubSpotCanada@2026","HubSpot Canada","Canada"
330,"Evelyn","Wilson","evelyn.wilson5@hotmail.com","LatticeEnginesCanada@2026","Lattice Engines Canada","Canada"
331,"Grace","Thomas","grace.thomas6@company.com","LeadFeederCanada@2026","LeadFeeder Canada","Canada"
332,"Stella","Sanchez","stella.sanchez7@company.com","FreshworksCanada@2026","Freshworks Canada","Canada"
333,"Grace","Thomas","grace.thomas8@gmail.com","InsightlyCanada@2026","Insightly Canada","Canada"
334,"Isabella","Garcia","isabella.garcia9@hotmail.com","SalesforceCanada@2026","Salesforce Canada","Canada"
335,"Olivia","Miller","olivia.miller10@gmail.com","DemandbaseCanada@2026","Demandbase Canada","Canada"
336,"Oliver","Johnson","oliver.johnson11@yahoo.com","ZohoCanada@2026","Zoho Canada","Canada"
337,"Olivia","Johnson","olivia.johnson12@gmail.com","ActOnCanada@2026","Act-On Canada","Canada"
338,"Harper","Taylor","harper.taylor13@hotmail.com","InfusionsoftCanada@2026","Infusionsoft Canada","Canada"
339,"Chloe","Johnson","chloe.johnson14@outlook.com","FreshworksCanada@2026","Freshworks Canada","Canada"
340,"Jackson","Smith","jackson.smith15@gmail.com","OracleMarketingCloudCanada@2026","Oracle Marketing Cloud Canada","Canada"
341,"Elizabeth","Thompson","elizabeth.thompson16@gmail.com","6senseCanada@2026","6sense Canada","Canada"
342,"Victoria","Williams","victoria.williams17@company.com","6senseCanada@2026","6sense Canada","Canada"
343,"Ava","Davis","ava.davis18@outlook.com","OracleMarketingCloudCanada@2026","Oracle Marketing Cloud Canada","Canada"
344,"Ella","Harris","ella.harris19@hotmail.com","MarketoCanada@2026","Marketo Canada","Canada"
345,"Logan","Smith","logan.smith20@gmail.com","EloquaCanada@2026","Eloqua Canada","Canada"
346,"Abigail","Hernandez","abigail.hernandez21@hotmail.com","WoodpeckerCanada@2026","Woodpecker Canada","Canada"
347,"Emily","Johnson","emily.johnson22@gmail.com","EloquaCanada@2026","Eloqua Canada","Canada"
348,"Ava","Anderson","ava.anderson23@hotmail.com","ZohoCanada@2026","Zoho Canada","Canada"
349,"Ethan","Martinez","ethan.martinez24@yahoo.com","DunBradstreetCanada@2026","Dun & Bradstreet Canada","Canada"
350,"Ethan","Miller","ethan.miller25@hotmail.com","MarketoCanada@2026","Marketo Canada","Canada"
351,"Amelia","Brown","amelia.brown26@outlook.com","LatticeEnginesCanada@2026","Lattice Engines Canada","Canada"
352,"Evelyn","Anderson","evelyn.anderson27@yahoo.com","MarketoCanada@2026","Marketo Canada","Canada"
353,"Levi","Jackson","levi.jackson28@gmail.com","EloquaCanada@2026","Eloqua Canada","Canada"
354,"Benjamin","Jackson","benjamin.jackson29@yahoo.com","ClearbitCanada@2026","Clearbit Canada","Canada"
355,"Levi","Johnson","levi.johnson30@gmail.com","LeadSquaredCanada@2026","LeadSquared Canada","Canada"
356,"Mason","Thomas","mason.thomas31@company.com","InsightlyCanada@2026","Insightly Canada","Canada"
357,"Stella","Rodriguez","stella.rodriguez32@yahoo.com","ZoomInfoCanada@2026","ZoomInfo Canada","Canada"
358,"Evelyn","Brown","evelyn.brown33@company.com","FreshworksCanada@2026","Freshworks Canada","Canada"
359,"Lily","Martin","lily.martin34@gmail.com","WoodpeckerCanada@2026","Woodpecker Canada","Canada"
360,"Avery","Anderson","avery.anderson35@yahoo.com","DemandbaseCanada@2026","Demandbase Canada","Canada"
361,"Madison","Sanchez","madison.sanchez36@outlook.com","SharpSpringCanada@2026","SharpSpring Canada","Canada"
362,"Mia","Smith","mia.smith37@company.com","ZohoCanada@2026","Zoho Canada","Canada"
363,"Amelia","Davis","amelia.davis38@gmail.com","SalesfusionCanada@2026","Salesfusion Canada","Canada"
364,"Zoey","Garcia","zoey.garcia39@company.com","SalesforceCanada@2026","Salesforce Canada","Canada"
365,"Elizabeth","Johnson","elizabeth.johnson40@outlook.com","LeadFeederCanada@2026","LeadFeeder Canada","Canada"
366,"Mason","Thomas","mason.thomas41@outlook.com","InfusionsoftCanada@2026","Infusionsoft Canada","Canada"
367,"Madison","Garcia","madison.garcia42@company.com","PardotCanada@2026","Pardot Canada","Canada"
368,"Mia","Gonzalez","mia.gonzalez43@company.com","ActOnCanada@2026","Act-On Canada","Canada"
369,"Amelia","Davis","amelia.davis44@company.com","AutopilotCanada@2026","Autopilot Canada","Canada"
370,"Stella","Miller","stella.miller45@outlook.com","AutopilotCanada@2026","Autopilot Canada","Canada"
371,"Luna","Hernandez","luna.hernandez46@hotmail.com","ZoomInfoCanada@2026","ZoomInfo Canada","Canada"
372,"Mia","Smith","mia.smith47@outlook.com","SharpSpringCanada@2026","SharpSpring Canada","Canada"
373,"Sofia","Anderson","sofia.anderson48@company.com","HubSpotCanada@2026","HubSpot Canada","Canada"
374,"Lucas","Rodriguez","lucas.rodriguez49@company.com","ZohoCanada@2026","Zoho Canada","Canada"
375,"Ella","Harris","ella.harris50@hotmail.com","OutreachCanada@2026","Outreach Canada","Canada"
376,"Abigail","Perez","abigail.perez51@outlook.com","SalesfusionCanada@2026","Salesfusion Canada","Canada"
377,"Amelia","Taylor","amelia.taylor52@company.com","MarketoCanada@2026","Marketo Canada","Canada"
378,"Elizabeth","Wilson","elizabeth.wilson53@yahoo.com","OracleMarketingCloudCanada@2026","Oracle Marketing Cloud Canada","Canada"
379,"Nora","Ramirez","nora.ramirez54@company.com","LatticeEnginesCanada@2026","Lattice Engines Canada","Canada"
380,"Evelyn","Lewis","evelyn.lewis55@gmail.com","OutreachCanada@2026","Outreach Canada","Canada"
381,"Chloe","Davis","chloe.davis56@gmail.com","DunBradstreetCanada@2026","Dun & Bradstreet Canada","Canada"
382,"Ella","Jones","ella.jones57@company.com","MarketoCanada@2026","Marketo Canada","Canada"
383,"Evelyn","Miller","evelyn.miller58@gmail.com","EloquaCanada@2026","Eloqua Canada","Canada"
384,"Mason","Rodriguez","mason.rodriguez59@outlook.com","BomboraCanada@2026","Bombora Canada","Canada"
385,"Jackson","Rodriguez","jackson.rodriguez60@outlook.com","ClearbitCanada@2026","Clearbit Canada","Canada"
386,"Scarlett","Smith","scarlett.smith61@yahoo.com","HubSpotCanada@2026","HubSpot Canada","Canada"
387,"Oliver","Edwards","oliver.edwards1@hotmail.com","WoodpeckerUK@2026","Woodpecker UK","United Kingdom"
388,"Theo","Clarke","theo.clarke2@outlook.com","BomboraUK@2026","Bombora UK","United Kingdom"
389,"Ivy","Martin","ivy.martin3@hotmail.com","DunBradstreetUK@2026","Dun & Bradstreet UK","United Kingdom"
390,"Amelia","Wood","amelia.wood4@hotmail.com","LeadFeederUK@2026","LeadFeeder UK","United Kingdom"
391,"Jack","Morgan","jack.morgan5@hotmail.com","ZohoUK@2026","Zoho UK","United Kingdom"
392,"Noah","Jones","noah.jones6@company.com","DunBradstreetUK@2026","Dun & Bradstreet UK","United Kingdom"
393,"Willow","Roberts","willow.roberts7@gmail.com","6senseUK@2026","6sense UK","United Kingdom"
394,"Harper","Brown","harper.brown8@gmail.com","OracleMarketingCloudUK@2026","Oracle Marketing Cloud UK","United Kingdom"
395,"Emily","Roberts","emily.roberts9@company.com","ZohoUK@2026","Zoho UK","United Kingdom"
396,"Charlotte","Jackson","charlotte.jackson10@outlook.com","DripUK@2026","Drip UK","United Kingdom"
397,"Theo","West","theo.west11@company.com","ClearbitUK@2026","Clearbit UK","United Kingdom"
398,"Noah","King","noah.king12@company.com","FreshworksUK@2026","Freshworks UK","United Kingdom"
399,"Amelia","West","amelia.west13@company.com","AutopilotUK@2026","Autopilot UK","United Kingdom"
400,"Ivy","West","ivy.west14@company.com","SharpSpringUK@2026","SharpSpring UK","United Kingdom"
401,"Grace","Martin","grace.martin15@outlook.com","PardotUK@2026","Pardot UK","United Kingdom"
402,"Sienna","Harris","sienna.harris16@outlook.com","SalesfusionUK@2026","Salesfusion UK","United Kingdom"
403,"Evelyn","Brown","evelyn.brown17@yahoo.com","ClearbitUK@2026","Clearbit UK","United Kingdom"
404,"Jack","Thomas","jack.thomas18@yahoo.com","PardotUK@2026","Pardot UK","United Kingdom"
405,"Esme","Martin","esme.martin19@yahoo.com","SalesforceUK@2026","Salesforce UK","United Kingdom"
406,"Leo","Robinson","leo.robinson20@company.com","InsightlyUK@2026","Insightly UK","United Kingdom"
407,"Lily","Jackson","lily.jackson21@company.com","AdobeMarketoUK@2026","Adobe Marketo UK","United Kingdom"
408,"Mia","Roberts","mia.roberts22@gmail.com","BomboraUK@2026","Bombora UK","United Kingdom"
409,"Ella","Taylor","ella.taylor23@yahoo.com","OutreachUK@2026","Outreach UK","United Kingdom"
410,"Noah","Johnson","noah.johnson24@outlook.com","SalesfusionUK@2026","Salesfusion UK","United Kingdom"
411,"Charlotte","Wilson","charlotte.wilson25@company.com","InsightlyUK@2026","Insightly UK","United Kingdom"
412,"Amelia","Jackson","amelia.jackson26@gmail.com","6senseUK@2026","6sense UK","United Kingdom"
413,"Emily","West","emily.west27@outlook.com","WoodpeckerUK@2026","Woodpecker UK","United Kingdom"
414,"Scarlett","Walker","scarlett.walker28@outlook.com","InfusionsoftUK@2026","Infusionsoft UK","United Kingdom"
415,"Layla","Roberts","layla.roberts29@gmail.com","ClearbitUK@2026","Clearbit UK","United Kingdom"
416,"Esme","Johnson","esme.johnson30@gmail.com","MarketoUK@2026","Marketo UK","United Kingdom"
417,"Mia","White","mia.white31@gmail.com","PardotUK@2026","Pardot UK","United Kingdom"
418,"Sophie","Morgan","sophie.morgan32@hotmail.com","SalesfusionUK@2026","Salesfusion UK","United Kingdom"
419,"Ruby","Brown","ruby.brown33@outlook.com","ClearbitUK@2026","Clearbit UK","United Kingdom"
420,"Freya","Roberts","freya.roberts34@outlook.com","AutopilotUK@2026","Autopilot UK","United Kingdom"
421,"Charlie","Clarke","charlie.clarke35@outlook.com","DunBradstreetUK@2026","Dun & Bradstreet UK","United Kingdom"
422,"Theo","White","theo.white36@outlook.com","FreshworksUK@2026","Freshworks UK","United Kingdom"
423,"Ava","Brown","ava.brown37@outlook.com","AutopilotUK@2026","Autopilot UK","United Kingdom"
424,"Lily","Jackson","lily.jackson38@hotmail.com","InsightlyUK@2026","Insightly UK","United Kingdom"
425,"Harry","Clarke","harry.clarke39@yahoo.com","AdobeMarketoUK@2026","Adobe Marketo UK","United Kingdom"
426,"Olivia","King","olivia.king40@yahoo.com","ClearbitUK@2026","Clearbit UK","United Kingdom"
427,"Isla","Morgan","isla.morgan41@yahoo.com","InfusionsoftUK@2026","Infusionsoft UK","United Kingdom"
428,"Isla","Clarke","isla.clarke42@yahoo.com","InsightlyUK@2026","Insightly UK","United Kingdom"
429,"Isla","Brown","isla.brown43@gmail.com","SalesfusionUK@2026","Salesfusion UK","United Kingdom"
430,"Ava","Martin","ava.martin44@hotmail.com","AdobeMarketoUK@2026","Adobe Marketo UK","United Kingdom"
431,"Isabella","Wright","isabella.wright45@yahoo.com","SharpSpringUK@2026","SharpSpring UK","United Kingdom"
432,"Oliver","Evans","oliver.evans46@company.com","ActOnUK@2026","Act-On UK","United Kingdom"
433,"Esme","Clarke","esme.clarke47@yahoo.com","6senseUK@2026","6sense UK","United Kingdom"
434,"Sophia","Evans","sophia.evans48@outlook.com","SharpSpringUK@2026","SharpSpring UK","United Kingdom"
435,"Ruby","Cooper","ruby.cooper49@outlook.com","OracleMarketingCloudUK@2026","Oracle Marketing Cloud UK","United Kingdom"
436,"Maisy","Watson","maisy.watson50@yahoo.com","OracleMarketingCloudUK@2026","Oracle Marketing Cloud UK","United Kingdom"
437,"Willow","Thompson","willow.thompson51@hotmail.com","DripUK@2026","Drip UK","United Kingdom"
438,"Freya","Cooper","freya.cooper52@yahoo.com","InsightlyUK@2026","Insightly UK","United Kingdom"
439,"Layla","Brown","layla.brown53@hotmail.com","LeadSquaredUK@2026","LeadSquared UK","United Kingdom"
440,"Poppy","Lee","poppy.lee54@company.com","ClearbitUK@2026","Clearbit UK","United Kingdom"
441,"Emily","Brown","emily.brown55@hotmail.com","MarketoUK@2026","Marketo UK","United Kingdom"
442,"Evelyn","Smith","evelyn.smith56@outlook.com","HubSpotUK@2026","HubSpot UK","United Kingdom"
443,"Ivy","Jones","ivy.jones57@yahoo.com","SalesforceUK@2026","Salesforce UK","United Kingdom"
444,"Ivy","Martin","ivy.martin58@yahoo.com","ClearbitUK@2026","Clearbit UK","United Kingdom"
445,"Rosie","West","rosie.west59@yahoo.com","DemandbaseUK@2026","Demandbase UK","United Kingdom"
446,"Sienna","Lee","sienna.lee60@hotmail.com","LeadFeederUK@2026","LeadFeeder UK","United Kingdom"
447,"Jade","Michel","jade.michel1@hotmail.com","AutopilotFrance@2026","Autopilot France","France"
448,"Marie","Bernard","marie.bernard2@gmail.com","ZoomInfoFrance@2026","ZoomInfo France","France"
449,"Raphaël","Leclerc","raphaël.leclerc3@company.com","LeadFeederFrance@2026","LeadFeeder France","France"
450,"Agathe","Morel","agathe.morel4@gmail.com","ZoomInfoFrance@2026","ZoomInfo France","France"
451,"Camille","Guérin","camille.guérin5@outlook.com","ZoomInfoFrance@2026","ZoomInfo France","France"
452,"Adèle","Gillet","adèle.gillet6@company.com","LeadFeederFrance@2026","LeadFeeder France","France"
453,"Hugo","Durand","hugo.durand7@company.com","ClearbitFrance@2026","Clearbit France","France"
454,"Enzo","Dubois","enzo.dubois8@yahoo.com","WoodpeckerFrance@2026","Woodpecker France","France"
455,"Jade","Mercier","jade.mercier9@company.com","WoodpeckerFrance@2026","Woodpecker France","France"
456,"Raphaël","Garcia","raphaël.garcia10@outlook.com","WoodpeckerFrance@2026","Woodpecker France","France"
457,"Léa","Thomas","léa.thomas11@company.com","HubSpotFrance@2026","HubSpot France","France"
458,"Sarah","Garcia","sarah.garcia12@company.com","LatticeEnginesFrance@2026","Lattice Engines France","France"
459,"Manon","Leroy","manon.leroy13@hotmail.com","LatticeEnginesFrance@2026","Lattice Engines France","France"
460,"Enzo","Blanc","enzo.blanc14@gmail.com","ZoomInfoFrance@2026","ZoomInfo France","France"
461,"Manon","Robert","manon.robert15@yahoo.com","OutreachFrance@2026","Outreach France","France"
462,"Julie","Robert","julie.robert16@gmail.com","ZohoFrance@2026","Zoho France","France"
463,"Lina","Lefebvre","lina.lefebvre17@outlook.com","LeadFeederFrance@2026","LeadFeeder France","France"
464,"Marie","Garcia","marie.garcia18@yahoo.com","EloquaFrance@2026","Eloqua France","France"
465,"Hugo","Leclerc","hugo.leclerc19@company.com","LatticeEnginesFrance@2026","Lattice Engines France","France"
466,"Chloé","Morel","chloé.morel20@yahoo.com","LeadSquaredFrance@2026","LeadSquared France","France"
467,"Adèle","Michel","adèle.michel21@yahoo.com","WoodpeckerFrance@2026","Woodpecker France","France"
468,"Jade","Boyer","jade.boyer22@hotmail.com","6senseFrance@2026","6sense France","France"
469,"Raphaël","Michel","raphaël.michel23@hotmail.com","FreshworksFrance@2026","Freshworks France","France"
470,"Emma","Vincent","emma.vincent24@gmail.com","SalesfusionFrance@2026","Salesfusion France","France"
471,"Chloé","Richard","chloé.richard25@hotmail.com","OracleMarketingCloudFrance@2026","Oracle Marketing Cloud France","France"
472,"Adam","David","adam.david26@yahoo.com","ClearbitFrance@2026","Clearbit France","France"
473,"Jeanne","Blanc","jeanne.blanc27@yahoo.com","SharpSpringFrance@2026","SharpSpring France","France"
474,"Emma","Blanc","emma.blanc28@outlook.com","OracleMarketingCloudFrance@2026","Oracle Marketing Cloud France","France"
475,"Jeanne","Vincent","jeanne.vincent29@outlook.com","ZoomInfoFrance@2026","ZoomInfo France","France"
476,"Marie","Bernard","marie.bernard30@company.com","DripFrance@2026","Drip France","France"
477,"Lucas","Vincent","lucas.vincent31@yahoo.com","InsightlyFrance@2026","Insightly France","France"
478,"Raphaël","Leclerc","raphaël.leclerc32@outlook.com","SalesforceFrance@2026","Salesforce France","France"
479,"Adèle","Vincent","adèle.vincent33@gmail.com","DunBradstreetFrance@2026","Dun & Bradstreet France","France"
480,"Emma","Bertrand","emma.bertrand34@hotmail.com","ClearbitFrance@2026","Clearbit France","France"
481,"Inès","Michel","inès.michel35@yahoo.com","InfusionsoftFrance@2026","Infusionsoft France","France"
482,"Louis","Bertrand","louis.bertrand36@hotmail.com","DemandbaseFrance@2026","Demandbase France","France"
483,"Jade","Martinez","jade.martinez37@company.com","OracleMarketingCloudFrance@2026","Oracle Marketing Cloud France","France"
484,"Jasmine","Dubois","jasmine.dubois38@company.com","SharpSpringFrance@2026","SharpSpring France","France"
485,"Clara","Mercier","clara.mercier39@company.com","MarketoFrance@2026","Marketo France","France"
486,"Léo","Richard","léo.richard40@hotmail.com","LeadFeederFrance@2026","LeadFeeder France","France"
487,"Pauline","Thomas","pauline.thomas41@yahoo.com","ZoomInfoFrance@2026","ZoomInfo France","France"
488,"Camille","Leroy","camille.leroy42@yahoo.com","BomboraFrance@2026","Bombora France","France"
489,"Alice","Vincent","alice.vincent43@yahoo.com","ClearbitFrance@2026","Clearbit France","France"
490,"Lucas","Gillet","lucas.gillet44@outlook.com","ActOnFrance@2026","Act-On France","France"
491,"Eva","Thomas","eva.thomas45@outlook.com","OutreachFrance@2026","Outreach France","France"
492,"Jules","Simon","jules.simon46@yahoo.com","LeadSquaredFrance@2026","LeadSquared France","France"
493,"Eva","Lefebvre","eva.lefebvre47@yahoo.com","DemandbaseFrance@2026","Demandbase France","France"
494,"Romane","Fournier","romane.fournier48@company.com","EloquaFrance@2026","Eloqua France","France"
495,"Jasmine","Bernard","jasmine.bernard49@yahoo.com","DunBradstreetFrance@2026","Dun & Bradstreet France","France"
496,"Lucas","Simon","lucas.simon50@gmail.com","ZoomInfoFrance@2026","ZoomInfo France","France"
497,"Marie","Bernard","marie.bernard51@gmail.com","PardotFrance@2026","Pardot France","France"
498,"Enzo","Richard","enzo.richard52@outlook.com","LatticeEnginesFrance@2026","Lattice Engines France","France"
499,"Léa","David","léa.david53@hotmail.com","DunBradstreetFrance@2026","Dun & Bradstreet France","France"
500,"Enzo","Mercier","enzo.mercier54@company.com","ClearbitFrance@2026","Clearbit France","France"
501,"Zoé","Mercier","zoé.mercier55@company.com","DemandbaseFrance@2026","Demandbase France","France"
502,"Raphaël","Martinez","raphaël.martinez56@gmail.com","OracleMarketingCloudFrance@2026","Oracle Marketing Cloud France","France"
503,"Eva","Dubois","eva.dubois57@gmail.com","SalesfusionFrance@2026","Salesfusion France","France"
504,"Chloé","Mercier","chloé.mercier58@company.com","LatticeEnginesFrance@2026","Lattice Engines France","France"