Email,Password,Company,Country
"","Default@2026","null","null"
"dataadmin@tgstechinfo.com","Default@2026","null","null"
"user@tgstechinfo.com","Default@2026","null","null"
"user123@gmail.com","tgstechinfo@2026","tgstechinfo","null"
"harper.gonzalez30@gmail.com","6senseAustralia@2026","6sense Australia","Australia"
"jack.harris27@gmail.com","6senseAustralia@2026","6sense Australia","Australia"
"charlotte.jones24@hotmail.com","AdobeMarketoAustralia@2026","Adobe Marketo Australia","Australia"
"grace.garcia34@company.com","AdobeMarketoAustralia@2026","Adobe Marketo Australia","Australia"
"henry.davis61@hotmail.com","AdobeMarketoAustralia@2026","Adobe Marketo Australia","Australia"
"amelia.smith65@company.com","AutopilotAustralia@2026","Autopilot Australia","Australia"
"chloe.lee68@yahoo.com","AutopilotAustralia@2026","Autopilot Australia","Australia"
"olivia.lee52@outlook.com","AutopilotAustralia@2026","Autopilot Australia","Australia"
"sienna.walker60@outlook.com","BomboraAustralia@2026","Bombora Australia","Australia"
"evelyn.martinez42@yahoo.com","ClearbitAustralia@2026","Clearbit Australia","Australia"
"harper.garcia13@outlook.com","ClearbitAustralia@2026","Clearbit Australia","Australia"
"harper.jackson69@outlook.com","ClearbitAustralia@2026","Clearbit Australia","Australia"
"lucas.thomas50@company.com","ClearbitAustralia@2026","Clearbit Australia","Australia"
"grace.miller59@company.com","DemandbaseAustralia@2026","Demandbase Australia","Australia"
"olivia.rodriguez17@gmail.com","DemandbaseAustralia@2026","Demandbase Australia","Australia"
"zoe.wilson3@yahoo.com","DemandbaseAustralia@2026","Demandbase Australia","Australia"
"chloe.williams16@outlook.com","DripAustralia@2026","Drip Australia","Australia"
"emily.martinez56@yahoo.com","DripAustralia@2026","Drip Australia","Australia"
"harper.taylor1@hotmail.com","DripAustralia@2026","Drip Australia","Australia"
"liam.lee43@yahoo.com","DripAustralia@2026","Drip Australia","Australia"
"mia.harris39@outlook.com","DripAustralia@2026","Drip Australia","Australia"
"william.gonzalez11@gmail.com","DripAustralia@2026","Drip Australia","Australia"
"zoe.jones64@yahoo.com","DripAustralia@2026","Drip Australia","Australia"
"ivy.davis72@outlook.com","Dun&BradstreetAustralia@2026","Dun & Bradstreet Australia","Australia"
"millie.thompson40@outlook.com","Dun&BradstreetAustralia@2026","Dun & Bradstreet Australia","Australia"
"harper.jackson36@company.com","EloquaAustralia@2026","Eloqua Australia","Australia"
"harper.miller48@gmail.com","EloquaAustralia@2026","Eloqua Australia","Australia"
"henry.robinson51@company.com","EloquaAustralia@2026","Eloqua Australia","Australia"
"lily.garcia38@yahoo.com","EloquaAustralia@2026","Eloqua Australia","Australia"
"ruby.thomas4@outlook.com","EloquaAustralia@2026","Eloqua Australia","Australia"
"sophia.davis22@yahoo.com","EloquaAustralia@2026","Eloqua Australia","Australia"
"william.anderson76@yahoo.com","EloquaAustralia@2026","Eloqua Australia","Australia"
"evelyn.davis58@hotmail.com","FreshworksAustralia@2026","Freshworks Australia","Australia"
"william.martinez2@yahoo.com","FreshworksAustralia@2026","Freshworks Australia","Australia"
"chloe.martinez25@hotmail.com","HubSpotAustralia@2026","HubSpot Australia","Australia"
"thomas.lopez14@gmail.com","HubSpotAustralia@2026","HubSpot Australia","Australia"
"evelyn.clark31@yahoo.com","InfusionsoftAustralia@2026","Infusionsoft Australia","Australia"
"lily.hernandez46@hotmail.com","InfusionsoftAustralia@2026","Infusionsoft Australia","Australia"
"abigail.lopez21@outlook.com","InsightlyAustralia@2026","Insightly Australia","Australia"
"ella.williams35@gmail.com","InsightlyAustralia@2026","Insightly Australia","Australia"
"evie.brown28@yahoo.com","InsightlyAustralia@2026","Insightly Australia","Australia"
"grace.brown73@yahoo.com","InsightlyAustralia@2026","Insightly Australia","Australia"
"jack.rodriguez75@hotmail.com","InsightlyAustralia@2026","Insightly Australia","Australia"
"james.robinson23@gmail.com","LatticeEnginesAustralia@2026","Lattice Engines Australia","Australia"
"noah.robinson41@yahoo.com","LatticeEnginesAustralia@2026","Lattice Engines Australia","Australia"
"olivia.davis26@gmail.com","LatticeEnginesAustralia@2026","Lattice Engines Australia","Australia"
"thomas.robinson66@company.com","LatticeEnginesAustralia@2026","Lattice Engines Australia","Australia"
"harper.garcia45@hotmail.com","LeadFeederAustralia@2026","LeadFeeder Australia","Australia"
"harper.white62@gmail.com","LeadFeederAustralia@2026","LeadFeeder Australia","Australia"
"mason.lee6@company.com","LeadFeederAustralia@2026","LeadFeeder Australia","Australia"
"olivia.hernandez49@yahoo.com","LeadFeederAustralia@2026","LeadFeeder Australia","Australia"
"hannah.lopez57@company.com","LeadSquaredAustralia@2026","LeadSquared Australia","Australia"
"lily.williams67@company.com","LeadSquaredAustralia@2026","LeadSquared Australia","Australia"
"henry.jones71@outlook.com","MarketoAustralia@2026","Marketo Australia","Australia"
"zoe.williams18@company.com","MarketoAustralia@2026","Marketo Australia","Australia"
"chloe.garcia33@yahoo.com","OracleMarketingCloudAustralia@2026","Oracle Marketing Cloud Australia","Australia"
"thomas.johnson55@company.com","OracleMarketingCloudAustralia@2026","Oracle Marketing Cloud Australia","Australia"
"zoe.jackson53@company.com","OracleMarketingCloudAustralia@2026","Oracle Marketing Cloud Australia","Australia"
"chloe.wilson5@gmail.com","OutreachAustralia@2026","Outreach Australia","Australia"
"harper.johnson7@yahoo.com","OutreachAustralia@2026","Outreach Australia","Australia"
"amelia.thompson47@company.com","PardotAustralia@2026","Pardot Australia","Australia"
"ella.white9@company.com","PardotAustralia@2026","Pardot Australia","Australia"
"isla.martin63@hotmail.com","PardotAustralia@2026","Pardot Australia","Australia"
"noah.rodriguez74@company.com","PardotAustralia@2026","Pardot Australia","Australia"
"olivia.garcia19@yahoo.com","PardotAustralia@2026","Pardot Australia","Australia"
"grace.thompson54@yahoo.com","SalesforceAustralia@2026","Salesforce Australia","Australia"
"mia.davis20@outlook.com","SalesforceAustralia@2026","Salesforce Australia","Australia"
"abigail.taylor8@yahoo.com","SalesfusionAustralia@2026","Salesfusion Australia","Australia"
"mia.miller15@yahoo.com","SalesfusionAustralia@2026","Salesfusion Australia","Australia"
"evelyn.johnson44@gmail.com","SharpSpringAustralia@2026","SharpSpring Australia","Australia"
"grace.thomas12@company.com","SharpSpringAustralia@2026","SharpSpring Australia","Australia"
"evelyn.williams32@company.com","WoodpeckerAustralia@2026","Woodpecker Australia","Australia"
"henry.thomas10@yahoo.com","WoodpeckerAustralia@2026","Woodpecker Australia","Australia"
"jack.brown37@gmail.com","WoodpeckerAustralia@2026","Woodpecker Australia","Australia"
"mason.martinez70@gmail.com","WoodpeckerAustralia@2026","Woodpecker Australia","Australia"
"chloe.gonzalez29@hotmail.com","ZoomInfoAustralia@2026","ZoomInfo Australia","Australia"
"elizabeth.thompson16@gmail.com","6senseCanada@2026","6sense Canada","Canada"
"victoria.williams17@company.com","6senseCanada@2026","6sense Canada","Canada"
"mia.gonzalez43@company.com","Act-OnCanada@2026","Act-On Canada","Canada"
"olivia.johnson12@gmail.com","Act-OnCanada@2026","Act-On Canada","Canada"
"amelia.davis44@company.com","AutopilotCanada@2026","Autopilot Canada","Canada"
"mia.martin1@yahoo.com","AutopilotCanada@2026","Autopilot Canada","Canada"
"stella.miller45@outlook.com","AutopilotCanada@2026","Autopilot Canada","Canada"
"mason.rodriguez59@outlook.com","BomboraCanada@2026","Bombora Canada","Canada"
"benjamin.jackson29@yahoo.com","ClearbitCanada@2026","Clearbit Canada","Canada"
"jackson.rodriguez60@outlook.com","ClearbitCanada@2026","Clearbit Canada","Canada"
"avery.anderson35@yahoo.com","DemandbaseCanada@2026","Demandbase Canada","Canada"
"olivia.miller10@gmail.com","DemandbaseCanada@2026","Demandbase Canada","Canada"
"logan.jones2@hotmail.com","DripCanada@2026","Drip Canada","Canada"
"chloe.davis56@gmail.com","Dun&BradstreetCanada@2026","Dun & Bradstreet Canada","Canada"
"ethan.martinez24@yahoo.com","Dun&BradstreetCanada@2026","Dun & Bradstreet Canada","Canada"
"emily.johnson22@gmail.com","EloquaCanada@2026","Eloqua Canada","Canada"
"evelyn.miller58@gmail.com","EloquaCanada@2026","Eloqua Canada","Canada"
"levi.jackson28@gmail.com","EloquaCanada@2026","Eloqua Canada","Canada"
"logan.smith20@gmail.com","EloquaCanada@2026","Eloqua Canada","Canada"
"chloe.johnson14@outlook.com","FreshworksCanada@2026","Freshworks Canada","Canada"
"evelyn.brown33@company.com","FreshworksCanada@2026","Freshworks Canada","Canada"
"stella.sanchez7@company.com","FreshworksCanada@2026","Freshworks Canada","Canada"
"nora.garcia4@outlook.com","HubSpotCanada@2026","HubSpot Canada","Canada"
"scarlett.smith61@yahoo.com","HubSpotCanada@2026","HubSpot Canada","Canada"
"sofia.anderson48@company.com","HubSpotCanada@2026","HubSpot Canada","Canada"
"harper.taylor13@hotmail.com","InfusionsoftCanada@2026","Infusionsoft Canada","Canada"
"hazel.lopez3@yahoo.com","InfusionsoftCanada@2026","Infusionsoft Canada","Canada"
"mason.thomas41@outlook.com","InfusionsoftCanada@2026","Infusionsoft Canada","Canada"
"grace.thomas8@gmail.com","InsightlyCanada@2026","Insightly Canada","Canada"
"mason.thomas31@company.com","InsightlyCanada@2026","Insightly Canada","Canada"
"amelia.brown26@outlook.com","LatticeEnginesCanada@2026","Lattice Engines Canada","Canada"
"evelyn.wilson5@hotmail.com","LatticeEnginesCanada@2026","Lattice Engines Canada","Canada"
"nora.ramirez54@company.com","LatticeEnginesCanada@2026","Lattice Engines Canada","Canada"
"elizabeth.johnson40@outlook.com","LeadFeederCanada@2026","LeadFeeder Canada","Canada"
"grace.thomas6@company.com","LeadFeederCanada@2026","LeadFeeder Canada","Canada"
"levi.johnson30@gmail.com","LeadSquaredCanada@2026","LeadSquared Canada","Canada"
"amelia.taylor52@company.com","MarketoCanada@2026","Marketo Canada","Canada"
"ella.harris19@hotmail.com","MarketoCanada@2026","Marketo Canada","Canada"
"ella.jones57@company.com","MarketoCanada@2026","Marketo Canada","Canada"
"ethan.miller25@hotmail.com","MarketoCanada@2026","Marketo Canada","Canada"
"evelyn.anderson27@yahoo.com","MarketoCanada@2026","Marketo Canada","Canada"
"ava.davis18@outlook.com","OracleMarketingCloudCanada@2026","Oracle Marketing Cloud Canada","Canada"
"elizabeth.wilson53@yahoo.com","OracleMarketingCloudCanada@2026","Oracle Marketing Cloud Canada","Canada"
"jackson.smith15@gmail.com","OracleMarketingCloudCanada@2026","Oracle Marketing Cloud Canada","Canada"
"ella.harris50@hotmail.com","OutreachCanada@2026","Outreach Canada","Canada"
"evelyn.lewis55@gmail.com","OutreachCanada@2026","Outreach Canada","Canada"
"madison.garcia42@company.com","PardotCanada@2026","Pardot Canada","Canada"
"isabella.garcia9@hotmail.com","SalesforceCanada@2026","Salesforce Canada","Canada"
"zoey.garcia39@company.com","SalesforceCanada@2026","Salesforce Canada","Canada"
"abigail.perez51@outlook.com","SalesfusionCanada@2026","Salesfusion Canada","Canada"
"amelia.davis38@gmail.com","SalesfusionCanada@2026","Salesfusion Canada","Canada"
"madison.sanchez36@outlook.com","SharpSpringCanada@2026","SharpSpring Canada","Canada"
"mia.smith47@outlook.com","SharpSpringCanada@2026","SharpSpring Canada","Canada"
"abigail.hernandez21@hotmail.com","WoodpeckerCanada@2026","Woodpecker Canada","Canada"
"lily.martin34@gmail.com","WoodpeckerCanada@2026","Woodpecker Canada","Canada"
"ava.anderson23@hotmail.com","ZohoCanada@2026","Zoho Canada","Canada"
"lucas.rodriguez49@company.com","ZohoCanada@2026","Zoho Canada","Canada"
"mia.smith37@company.com","ZohoCanada@2026","Zoho Canada","Canada"
"oliver.johnson11@yahoo.com","ZohoCanada@2026","Zoho Canada","Canada"
"luna.hernandez46@hotmail.com","ZoomInfoCanada@2026","ZoomInfo Canada","Canada"
"stella.rodriguez32@yahoo.com","ZoomInfoCanada@2026","ZoomInfo Canada","Canada"
"jade.boyer22@hotmail.com","6senseFrance@2026","6sense France","France"
"lucas.gillet44@outlook.com","Act-OnFrance@2026","Act-On France","France"
"jade.michel1@hotmail.com","AutopilotFrance@2026","Autopilot France","France"
"camille.leroy42@yahoo.com","BomboraFrance@2026","Bombora France","France"
"adam.david26@yahoo.com","ClearbitFrance@2026","Clearbit France","France"
"alice.vincent43@yahoo.com","ClearbitFrance@2026","Clearbit France","France"
"emma.bertrand34@hotmail.com","ClearbitFrance@2026","Clearbit France","France"
"enzo.mercier54@company.com","ClearbitFrance@2026","Clearbit France","France"
"hugo.durand7@company.com","ClearbitFrance@2026","Clearbit France","France"
"eva.lefebvre47@yahoo.com","DemandbaseFrance@2026","Demandbase France","France"
"louis.bertrand36@hotmail.com","DemandbaseFrance@2026","Demandbase France","France"
"zoé.mercier55@company.com","DemandbaseFrance@2026","Demandbase France","France"
"marie.bernard30@company.com","DripFrance@2026","Drip France","France"
"adèle.vincent33@gmail.com","Dun&BradstreetFrance@2026","Dun & Bradstreet France","France"
"jasmine.bernard49@yahoo.com","Dun&BradstreetFrance@2026","Dun & Bradstreet France","France"
"léa.david53@hotmail.com","Dun&BradstreetFrance@2026","Dun & Bradstreet France","France"
"marie.garcia18@yahoo.com","EloquaFrance@2026","Eloqua France","France"
"romane.fournier48@company.com","EloquaFrance@2026","Eloqua France","France"
"raphaël.michel23@hotmail.com","FreshworksFrance@2026","Freshworks France","France"
"léa.thomas11@company.com","HubSpotFrance@2026","HubSpot France","France"
"inès.michel35@yahoo.com","InfusionsoftFrance@2026","Infusionsoft France","France"
"lucas.vincent31@yahoo.com","InsightlyFrance@2026","Insightly France","France"
"chloé.mercier58@company.com","LatticeEnginesFrance@2026","Lattice Engines France","France"
"enzo.richard52@outlook.com","LatticeEnginesFrance@2026","Lattice Engines France","France"
"hugo.leclerc19@company.com","LatticeEnginesFrance@2026","Lattice Engines France","France"
"manon.leroy13@hotmail.com","LatticeEnginesFrance@2026","Lattice Engines France","France"
"sarah.garcia12@company.com","LatticeEnginesFrance@2026","Lattice Engines France","France"
"adèle.gillet6@company.com","LeadFeederFrance@2026","LeadFeeder France","France"
"léo.richard40@hotmail.com","LeadFeederFrance@2026","LeadFeeder France","France"
"lina.lefebvre17@outlook.com","LeadFeederFrance@2026","LeadFeeder France","France"
"raphaël.leclerc3@company.com","LeadFeederFrance@2026","LeadFeeder France","France"
"chloé.morel20@yahoo.com","LeadSquaredFrance@2026","LeadSquared France","France"
"jules.simon46@yahoo.com","LeadSquaredFrance@2026","LeadSquared France","France"
"clara.mercier39@company.com","MarketoFrance@2026","Marketo France","France"
"chloé.richard25@hotmail.com","OracleMarketingCloudFrance@2026","Oracle Marketing Cloud France","France"
"emma.blanc28@outlook.com","OracleMarketingCloudFrance@2026","Oracle Marketing Cloud France","France"
"jade.martinez37@company.com","OracleMarketingCloudFrance@2026","Oracle Marketing Cloud France","France"
"raphaël.martinez56@gmail.com","OracleMarketingCloudFrance@2026","Oracle Marketing Cloud France","France"
"eva.thomas45@outlook.com","OutreachFrance@2026","Outreach France","France"
"manon.robert15@yahoo.com","OutreachFrance@2026","Outreach France","France"
"marie.bernard51@gmail.com","PardotFrance@2026","Pardot France","France"
"raphaël.leclerc32@outlook.com","SalesforceFrance@2026","Salesforce France","France"
"emma.vincent24@gmail.com","SalesfusionFrance@2026","Salesfusion France","France"
"eva.dubois57@gmail.com","SalesfusionFrance@2026","Salesfusion France","France"
"jasmine.dubois38@company.com","SharpSpringFrance@2026","SharpSpring France","France"
"jeanne.blanc27@yahoo.com","SharpSpringFrance@2026","SharpSpring France","France"
"adèle.michel21@yahoo.com","WoodpeckerFrance@2026","Woodpecker France","France"
"enzo.dubois8@yahoo.com","WoodpeckerFrance@2026","Woodpecker France","France"
"jade.mercier9@company.com","WoodpeckerFrance@2026","Woodpecker France","France"
"raphaël.garcia10@outlook.com","WoodpeckerFrance@2026","Woodpecker France","France"
"julie.robert16@gmail.com","ZohoFrance@2026","Zoho France","France"
"agathe.morel4@gmail.com","ZoomInfoFrance@2026","ZoomInfo France","France"
"camille.guérin5@outlook.com","ZoomInfoFrance@2026","ZoomInfo France","France"
"enzo.blanc14@gmail.com","ZoomInfoFrance@2026","ZoomInfo France","France"
"jeanne.vincent29@outlook.com","ZoomInfoFrance@2026","ZoomInfo France","France"
"lucas.simon50@gmail.com","ZoomInfoFrance@2026","ZoomInfo France","France"
"marie.bernard2@gmail.com","ZoomInfoFrance@2026","ZoomInfo France","France"
"pauline.thomas41@yahoo.com","ZoomInfoFrance@2026","ZoomInfo France","France"
"amelie.vogel37@yahoo.com","6senseGermany@2026","6sense Germany","Germany"
"aurelia.schulz13@company.com","6senseGermany@2026","6sense Germany","Germany"
"paula.krüger6@outlook.com","6senseGermany@2026","6sense Germany","Germany"
"aurelia.martin34@gmail.com","Act-OnGermany@2026","Act-On Germany","Germany"
"anna.meyer55@gmail.com","AdobeMarketoGermany@2026","Adobe Marketo Germany","Germany"
"hannah.vogel4@hotmail.com","AdobeMarketoGermany@2026","Adobe Marketo Germany","Germany"
"elias.weidmann30@hotmail.com","AutopilotGermany@2026","Autopilot Germany","Germany"
"emma.krüger44@company.com","AutopilotGermany@2026","Autopilot Germany","Germany"
"mia.richter9@gmail.com","AutopilotGermany@2026","Autopilot Germany","Germany"
"sofia.neumann27@hotmail.com","AutopilotGermany@2026","Autopilot Germany","Germany"
"emilia.meyer62@yahoo.com","BomboraGermany@2026","Bombora Germany","Germany"
"emma.krüger5@outlook.com","ClearbitGermany@2026","Clearbit Germany","Germany"
"ella.vogel11@yahoo.com","DemandbaseGermany@2026","Demandbase Germany","Germany"
"lara.schneider63@gmail.com","DemandbaseGermany@2026","Demandbase Germany","Germany"
"lara.weber14@outlook.com","DemandbaseGermany@2026","Demandbase Germany","Germany"
"nora.klein48@company.com","DemandbaseGermany@2026","Demandbase Germany","Germany"
"emilia.hoffmann64@yahoo.com","DripGermany@2026","Drip Germany","Germany"
"laura.zimmermann31@gmail.com","DripGermany@2026","Drip Germany","Germany"
"ella.schröder29@hotmail.com","Dun&BradstreetGermany@2026","Dun & Bradstreet Germany","Germany"
"marie.lehmann12@yahoo.com","Dun&BradstreetGermany@2026","Dun & Bradstreet Germany","Germany"
"ben.zimmermann39@gmail.com","EloquaGermany@2026","Eloqua Germany","Germany"
"clara.schneider2@outlook.com","EloquaGermany@2026","Eloqua Germany","Germany"
"elisa.jung49@company.com","EloquaGermany@2026","Eloqua Germany","Germany"
"emma.beck24@yahoo.com","FreshworksGermany@2026","Freshworks Germany","Germany"
"leon.zimmermann21@hotmail.com","FreshworksGermany@2026","Freshworks Germany","Germany"
"lina.wolf25@outlook.com","FreshworksGermany@2026","Freshworks Germany","Germany"
"maya.weber59@outlook.com","FreshworksGermany@2026","Freshworks Germany","Germany"
"mila.vogel43@outlook.com","FreshworksGermany@2026","Freshworks Germany","Germany"
"mina.weidmann19@yahoo.com","FreshworksGermany@2026","Freshworks Germany","Germany"
"mina.lange58@company.com","FreshworksGermany@2026","Freshworks Germany","Germany"
"romy.lehmann65@company.com","FreshworksGermany@2026","Freshworks Germany","Germany"
"lara.meyer60@hotmail.com","HubSpotGermany@2026","HubSpot Germany","Germany"
"mia.martin3@company.com","HubSpotGermany@2026","HubSpot Germany","Germany"
"mathilda.schulz32@gmail.com","LeadFeederGermany@2026","LeadFeeder Germany","Germany"
"lea.weidmann57@hotmail.com","LeadSquaredGermany@2026","LeadSquared Germany","Germany"
"lukas.neumann35@gmail.com","LeadSquaredGermany@2026","LeadSquared Germany","Germany"
"max.schmid23@company.com","LeadSquaredGermany@2026","LeadSquared Germany","Germany"
"mia.schulz46@hotmail.com","LeadSquaredGermany@2026","LeadSquared Germany","Germany"
"mia.schulz54@outlook.com","LeadSquaredGermany@2026","LeadSquared Germany","Germany"
"lukas.braun45@company.com","MarketoGermany@2026","Marketo Germany","Germany"
"sofia.vogel51@yahoo.com","MarketoGermany@2026","Marketo Germany","Germany"
"lena.zimmermann16@hotmail.com","OracleMarketingCloudGermany@2026","Oracle Marketing Cloud Germany","Germany"
"lina.lehmann38@hotmail.com","OracleMarketingCloudGermany@2026","Oracle Marketing Cloud Germany","Germany"
"lotta.klein26@company.com","OracleMarketingCloudGermany@2026","Oracle Marketing Cloud Germany","Germany"
"finn.köhler10@hotmail.com","OutreachGermany@2026","Outreach Germany","Germany"
"laura.wolf8@yahoo.com","OutreachGermany@2026","Outreach Germany","Germany"
"leon.vogel56@hotmail.com","OutreachGermany@2026","Outreach Germany","Germany"
"lara.klein61@company.com","PardotGermany@2026","Pardot Germany","Germany"
"felix.schulz28@outlook.com","SalesforceGermany@2026","Salesforce Germany","Germany"
"felix.schwarz33@hotmail.com","SalesforceGermany@2026","Salesforce Germany","Germany"
"finn.braun17@company.com","SalesforceGermany@2026","Salesforce Germany","Germany"
"lara.wolf50@outlook.com","SalesforceGermany@2026","Salesforce Germany","Germany"
"lea.zimmermann41@gmail.com","SalesforceGermany@2026","Salesforce Germany","Germany"
"lukas.vogel7@outlook.com","SalesforceGermany@2026","Salesforce Germany","Germany"
"marie.weber20@company.com","SalesforceGermany@2026","Salesforce Germany","Germany"
"noah.hoffmann22@company.com","SalesforceGermany@2026","Salesforce Germany","Germany"
"lotta.schröder18@yahoo.com","SalesfusionGermany@2026","Salesfusion Germany","Germany"
"leon.koch42@outlook.com","SharpSpringGermany@2026","SharpSpring Germany","Germany"
"ella.martin53@yahoo.com","WoodpeckerGermany@2026","Woodpecker Germany","Germany"
"mina.richter15@gmail.com","WoodpeckerGermany@2026","Woodpecker Germany","Germany"
"lukas.koch47@outlook.com","ZohoGermany@2026","Zoho Germany","Germany"
"mila.köhler52@yahoo.com","ZohoGermany@2026","Zoho Germany","Germany"
"noah.lange40@gmail.com","ZohoGermany@2026","Zoho Germany","Germany"
"paul.funk1@gmail.com","ZohoGermany@2026","Zoho Germany","Germany"
"marie.jung36@outlook.com","ZoomInfoGermany@2026","ZoomInfo Germany","Germany"
"advik.singh39@gmail.com","6sense@2026","6sense","India"
"anita.tiwari27@hotmail.com","Act-On@2026","Act-On","India"
"neha.jain3@gmail.com","Act-On@2026","Act-On","India"
"diya.patel1@outlook.com","AdobeMarketo@2026","Adobe Marketo","India"
"priya.yadav30@company.com","Bombora@2026","Bombora","India"
"aditi.kumar10@gmail.com","ClickDimensions@2026","ClickDimensions","India"
"kavya.saxena12@outlook.com","Demandbase@2026","Demandbase","India"
"kiaan.nair6@company.com","Demandbase@2026","Demandbase","India"
"aditya.patel34@gmail.com","Drip@2026","Drip","India"
"suresh.bhatia35@outlook.com","Drip@2026","Drip","India"
"veer.shah13@gmail.com","Dun&Bradstreet@2026","Dun & Bradstreet","India"
"kavya.dubey28@yahoo.com","Eloqua@2026","Eloqua","India"
"kabir.mishra25@outlook.com","Freshworks@2026","Freshworks","India"
"aditya.chopra4@outlook.com","HubSpot@2026","HubSpot","India"
"raj.khanna40@company.com","HubSpot@2026","HubSpot","India"
"vivaan.bhatia21@company.com","HubSpot@2026","HubSpot","India"
"kiaan.jain5@yahoo.com","Infusionsoft@2026","Infusionsoft","India"
"saanvi.kaur32@yahoo.com","Infusionsoft@2026","Infusionsoft","India"
"aarav.pandey23@outlook.com","Insightly@2026","Insightly","India"
"raj.menon11@outlook.com","Insightly@2026","Insightly","India"
"vivaan.das15@company.com","Insightly@2026","Insightly","India"
"meera.shukla29@hotmail.com","LatticeEngines@2026","Lattice Engines","India"
"aditya.shah17@hotmail.com","LeadSquared@2026","LeadSquared","India"
"veer.tiwari24@gmail.com","LeadSquared@2026","LeadSquared","India"
"veer.reddy38@company.com","LeadSquared@2026","LeadSquared","India"
"kiaan.jain14@company.com","Marketo@2026","Marketo","India"
"rohan.kapoor9@gmail.com","Marketo@2026","Marketo","India"
"aditi.malhotra33@yahoo.com","OracleMarketingCloud@2026","Oracle Marketing Cloud","India"
"arjun.tiwari2@hotmail.com","Outreach@2026","Outreach","India"
"ananya.reddy16@outlook.com","Pardot@2026","Pardot","India"
"diya.verma20@hotmail.com","Salesforce@2026","Salesforce","India"
"aditya.kumar31@outlook.com","Salesfusion@2026","Salesfusion","India"
"raj.reddy18@gmail.com","Salesfusion@2026","Salesfusion","India"
"meera.kapoor37@outlook.com","Woodpecker@2026","Woodpecker","India"
"vihaan.menon22@outlook.com","Woodpecker@2026","Woodpecker","India"
"advik.pandey19@yahoo.com","Zoho@2026","Zoho","India"
"ananya.bhatia8@company.com","Zoho@2026","Zoho","India"
"anita.tiwari7@hotmail.com","Zoho@2026","Zoho","India"
"kabir.singh36@outlook.com","Zoho@2026","Zoho","India"
"aditi.reddy26@yahoo.com","ZoomInfo@2026","ZoomInfo","India"
"haruki.kojima10@gmail.com","6senseJapan@2026","6sense Japan","Japan"
"kanon.suzuki15@outlook.com","6senseJapan@2026","6sense Japan","Japan"
"koki.watanabe19@company.com","6senseJapan@2026","6sense Japan","Japan"
"nozomi.fujita62@yahoo.com","6senseJapan@2026","6sense Japan","Japan"
"ayaka.murakami11@yahoo.com","Act-OnJapan@2026","Act-On Japan","Japan"
"sakura.koyama14@gmail.com","Act-OnJapan@2026","Act-On Japan","Japan"
"yuna.kudo21@hotmail.com","Act-OnJapan@2026","Act-On Japan","Japan"
"haruki.yamamoto44@gmail.com","AdobeMarketoJapan@2026","Adobe Marketo Japan","Japan"
"rin.sasaki52@hotmail.com","AdobeMarketoJapan@2026","Adobe Marketo Japan","Japan"
"yume.fukuda53@company.com","AdobeMarketoJapan@2026","Adobe Marketo Japan","Japan"
"saki.watanabe28@company.com","AutopilotJapan@2026","Autopilot Japan","Japan"
"yuki.ota30@company.com","AutopilotJapan@2026","Autopilot Japan","Japan"
"yuki.mori33@company.com","AutopilotJapan@2026","Autopilot Japan","Japan"
"yua.tanaka31@outlook.com","BomboraJapan@2026","Bombora Japan","Japan"
"sora.yamamoto34@gmail.com","ClearbitJapan@2026","Clearbit Japan","Japan"
"yui.yamamoto29@gmail.com","ClearbitJapan@2026","Clearbit Japan","Japan"
"koki.okamoto2@outlook.com","DemandbaseJapan@2026","Demandbase Japan","Japan"
"ren.kojima61@hotmail.com","DripJapan@2026","Drip Japan","Japan"
"kanon.takahashi8@company.com","Dun&BradstreetJapan@2026","Dun & Bradstreet Japan","Japan"
"rin.tanaka17@company.com","Dun&BradstreetJapan@2026","Dun & Bradstreet Japan","Japan"
"sora.fujiwara9@outlook.com","Dun&BradstreetJapan@2026","Dun & Bradstreet Japan","Japan"
"anju.murakami63@gmail.com","EloquaJapan@2026","Eloqua Japan","Japan"
"rin.miura27@hotmail.com","EloquaJapan@2026","Eloqua Japan","Japan"
"hina.suzuki54@outlook.com","FreshworksJapan@2026","Freshworks Japan","Japan"
"koharu.okamoto7@gmail.com","HubSpotJapan@2026","HubSpot Japan","Japan"
"rina.murakami42@gmail.com","HubSpotJapan@2026","HubSpot Japan","Japan"
"aoi.yamada48@company.com","InfusionsoftJapan@2026","Infusionsoft Japan","Japan"
"hina.hasegawa56@gmail.com","InfusionsoftJapan@2026","Infusionsoft Japan","Japan"
"koki.kimura37@gmail.com","InsightlyJapan@2026","Insightly Japan","Japan"
"kokone.kobayashi1@gmail.com","InsightlyJapan@2026","Insightly Japan","Japan"
"haruki.fukuda58@company.com","LatticeEnginesJapan@2026","Lattice Engines Japan","Japan"
"haruto.koyama5@yahoo.com","LatticeEnginesJapan@2026","Lattice Engines Japan","Japan"
"karen.fukuda20@yahoo.com","LatticeEnginesJapan@2026","Lattice Engines Japan","Japan"
"rina.ota39@outlook.com","LatticeEnginesJapan@2026","Lattice Engines Japan","Japan"
"sora.fujiwara18@gmail.com","LatticeEnginesJapan@2026","Lattice Engines Japan","Japan"
"suzu.miura40@gmail.com","LatticeEnginesJapan@2026","Lattice Engines Japan","Japan"
"suzu.kimura47@hotmail.com","LeadFeederJapan@2026","LeadFeeder Japan","Japan"
"hina.kojima59@hotmail.com","LeadSquaredJapan@2026","LeadSquared Japan","Japan"
"sota.hasegawa36@hotmail.com","LeadSquaredJapan@2026","LeadSquared Japan","Japan"
"yuto.tanaka12@gmail.com","LeadSquaredJapan@2026","LeadSquared Japan","Japan"
"aoi.goto24@yahoo.com","MarketoJapan@2026","Marketo Japan","Japan"
"misaki.kimura38@hotmail.com","MarketoJapan@2026","Marketo Japan","Japan"
"riko.sasaki25@gmail.com","MarketoJapan@2026","Marketo Japan","Japan"
"mei.sato60@hotmail.com","OracleMarketingCloudJapan@2026","Oracle Marketing Cloud Japan","Japan"
"riko.inoue13@gmail.com","OutreachJapan@2026","Outreach Japan","Japan"
"rira.miura3@company.com","OutreachJapan@2026","Outreach Japan","Japan"
"sakura.ota45@hotmail.com","OutreachJapan@2026","Outreach Japan","Japan"
"suzu.murakami22@gmail.com","OutreachJapan@2026","Outreach Japan","Japan"
"kanon.miura41@yahoo.com","PardotJapan@2026","Pardot Japan","Japan"
"koharu.okamoto50@company.com","PardotJapan@2026","Pardot Japan","Japan"
"mei.tanaka32@yahoo.com","PardotJapan@2026","Pardot Japan","Japan"
"nanami.nakamura35@gmail.com","SalesforceJapan@2026","Salesforce Japan","Japan"
"yuna.sato64@hotmail.com","SalesforceJapan@2026","Salesforce Japan","Japan"
"miyu.okamoto4@outlook.com","SalesfusionJapan@2026","Salesfusion Japan","Japan"
"rin.inoue55@outlook.com","SalesfusionJapan@2026","Salesfusion Japan","Japan"
"yume.yamaguchi51@yahoo.com","SalesfusionJapan@2026","Salesfusion Japan","Japan"
"kokone.takahashi26@gmail.com","SharpSpringJapan@2026","SharpSpring Japan","Japan"
"hina.goto6@company.com","WoodpeckerJapan@2026","Woodpecker Japan","Japan"
"misaki.sasaki49@yahoo.com","WoodpeckerJapan@2026","Woodpecker Japan","Japan"
"miyu.yamaguchi43@yahoo.com","WoodpeckerJapan@2026","Woodpecker Japan","Japan"
"aoi.kudo23@yahoo.com","ZohoJapan@2026","Zoho Japan","Japan"
"koharu.sasaki57@hotmail.com","ZohoJapan@2026","Zoho Japan","Japan"
"koki.mori16@hotmail.com","ZohoJapan@2026","Zoho Japan","Japan"
"riko.inoue46@outlook.com","ZoomInfoJapan@2026","ZoomInfo Japan","Japan"
"amelia.jackson26@gmail.com","6senseUK@2026","6sense UK","United Kingdom"
"esme.clarke47@yahoo.com","6senseUK@2026","6sense UK","United Kingdom"
"willow.roberts7@gmail.com","6senseUK@2026","6sense UK","United Kingdom"
"oliver.evans46@company.com","Act-OnUK@2026","Act-On UK","United Kingdom"
"ava.martin44@hotmail.com","AdobeMarketoUK@2026","Adobe Marketo UK","United Kingdom"
"harry.clarke39@yahoo.com","AdobeMarketoUK@2026","Adobe Marketo UK","United Kingdom"
"lily.jackson21@company.com","AdobeMarketoUK@2026","Adobe Marketo UK","United Kingdom"
"amelia.west13@company.com","AutopilotUK@2026","Autopilot UK","United Kingdom"
"ava.brown37@outlook.com","AutopilotUK@2026","Autopilot UK","United Kingdom"
"freya.roberts34@outlook.com","AutopilotUK@2026","Autopilot UK","United Kingdom"
"mia.roberts22@gmail.com","BomboraUK@2026","Bombora UK","United Kingdom"
"theo.clarke2@outlook.com","BomboraUK@2026","Bombora UK","United Kingdom"
"evelyn.brown17@yahoo.com","ClearbitUK@2026","Clearbit UK","United Kingdom"
"ivy.martin58@yahoo.com","ClearbitUK@2026","Clearbit UK","United Kingdom"
"layla.roberts29@gmail.com","ClearbitUK@2026","Clearbit UK","United Kingdom"
"olivia.king40@yahoo.com","ClearbitUK@2026","Clearbit UK","United Kingdom"
"poppy.lee54@company.com","ClearbitUK@2026","Clearbit UK","United Kingdom"
"ruby.brown33@outlook.com","ClearbitUK@2026","Clearbit UK","United Kingdom"
"theo.west11@company.com","ClearbitUK@2026","Clearbit UK","United Kingdom"
"rosie.west59@yahoo.com","DemandbaseUK@2026","Demandbase UK","United Kingdom"
"charlotte.jackson10@outlook.com","DripUK@2026","Drip UK","United Kingdom"
"willow.thompson51@hotmail.com","DripUK@2026","Drip UK","United Kingdom"
"charlie.clarke35@outlook.com","Dun&BradstreetUK@2026","Dun & Bradstreet UK","United Kingdom"
"ivy.martin3@hotmail.com","Dun&BradstreetUK@2026","Dun & Bradstreet UK","United Kingdom"
"noah.jones6@company.com","Dun&BradstreetUK@2026","Dun & Bradstreet UK","United Kingdom"
"noah.king12@company.com","FreshworksUK@2026","Freshworks UK","United Kingdom"
"theo.white36@outlook.com","FreshworksUK@2026","Freshworks UK","United Kingdom"
"evelyn.smith56@outlook.com","HubSpotUK@2026","HubSpot UK","United Kingdom"
"isla.morgan41@yahoo.com","InfusionsoftUK@2026","Infusionsoft UK","United Kingdom"
"scarlett.walker28@outlook.com","InfusionsoftUK@2026","Infusionsoft UK","United Kingdom"
"charlotte.wilson25@company.com","InsightlyUK@2026","Insightly UK","United Kingdom"
"freya.cooper52@yahoo.com","InsightlyUK@2026","Insightly UK","United Kingdom"
"isla.clarke42@yahoo.com","InsightlyUK@2026","Insightly UK","United Kingdom"
"leo.robinson20@company.com","InsightlyUK@2026","Insightly UK","United Kingdom"
"lily.jackson38@hotmail.com","InsightlyUK@2026","Insightly UK","United Kingdom"
"amelia.wood4@hotmail.com","LeadFeederUK@2026","LeadFeeder UK","United Kingdom"
"sienna.lee60@hotmail.com","LeadFeederUK@2026","LeadFeeder UK","United Kingdom"
"layla.brown53@hotmail.com","LeadSquaredUK@2026","LeadSquared UK","United Kingdom"
"emily.brown55@hotmail.com","MarketoUK@2026","Marketo UK","United Kingdom"
"esme.johnson30@gmail.com","MarketoUK@2026","Marketo UK","United Kingdom"
"harper.brown8@gmail.com","OracleMarketingCloudUK@2026","Oracle Marketing Cloud UK","United Kingdom"
"maisy.watson50@yahoo.com","OracleMarketingCloudUK@2026","Oracle Marketing Cloud UK","United Kingdom"
"ruby.cooper49@outlook.com","OracleMarketingCloudUK@2026","Oracle Marketing Cloud UK","United Kingdom"
"ella.taylor23@yahoo.com","OutreachUK@2026","Outreach UK","United Kingdom"
"grace.martin15@outlook.com","PardotUK@2026","Pardot UK","United Kingdom"
"jack.thomas18@yahoo.com","PardotUK@2026","Pardot UK","United Kingdom"
"mia.white31@gmail.com","PardotUK@2026","Pardot UK","United Kingdom"
"esme.martin19@yahoo.com","SalesforceUK@2026","Salesforce UK","United Kingdom"
"ivy.jones57@yahoo.com","SalesforceUK@2026","Salesforce UK","United Kingdom"
"isla.brown43@gmail.com","SalesfusionUK@2026","Salesfusion UK","United Kingdom"
"noah.johnson24@outlook.com","SalesfusionUK@2026","Salesfusion UK","United Kingdom"
"sienna.harris16@outlook.com","SalesfusionUK@2026","Salesfusion UK","United Kingdom"
"sophie.morgan32@hotmail.com","SalesfusionUK@2026","Salesfusion UK","United Kingdom"
"isabella.wright45@yahoo.com","SharpSpringUK@2026","SharpSpring UK","United Kingdom"
"ivy.west14@company.com","SharpSpringUK@2026","SharpSpring UK","United Kingdom"
"sophia.evans48@outlook.com","SharpSpringUK@2026","SharpSpring UK","United Kingdom"
"emily.west27@outlook.com","WoodpeckerUK@2026","Woodpecker UK","United Kingdom"
"oliver.edwards1@hotmail.com","WoodpeckerUK@2026","Woodpecker UK","United Kingdom"
"emily.roberts9@company.com","ZohoUK@2026","Zoho UK","United Kingdom"
"jack.morgan5@hotmail.com","ZohoUK@2026","Zoho UK","United Kingdom"
"emily.robinson20@hotmail.com","6sense@2026","6sense","United States"
"richard.ramirez15@outlook.com","6sense@2026","6sense","United States"
"karen.thomas27@gmail.com","Act-On@2026","Act-On","United States"
"margaret.robinson40@hotmail.com","AdobeMarketo@2026","Adobe Marketo","United States"
"susan.wilson42@company.com","AdobeMarketo@2026","Adobe Marketo","United States"
"melissa.martinez49@yahoo.com","Autopilot@2026","Autopilot","United States"
"robert.lopez70@hotmail.com","Autopilot@2026","Autopilot","United States"
"barbara.sanchez19@hotmail.com","Bombora@2026","Bombora","United States"
"charles.white45@hotmail.com","Bombora@2026","Bombora","United States"
"margaret.brown3@gmail.com","Bombora@2026","Bombora","United States"
"sarah.lewis7@company.com","Bombora@2026","Bombora","United States"
"john.robinson29@company.com","Calendly@2026","Calendly","United States"
"michelle.perez37@outlook.com","Calendly@2026","Calendly","United States"
"deborah.lewis56@gmail.com","Clearbit@2026","Clearbit","United States"
"deborah.lee68@outlook.com","Clearbit@2026","Clearbit","United States"
"donna.white17@outlook.com","Clearbit@2026","Clearbit","United States"
"kimberly.robinson25@company.com","Clearbit@2026","Clearbit","United States"
"dorothy.thompson48@gmail.com","Demandbase@2026","Demandbase","United States"
"betty.robinson28@outlook.com","Drift@2026","Drift","United States"
"donna.perez69@yahoo.com","Drift@2026","Drift","United States"
"jessica.anderson1@company.com","Drift@2026","Drift","United States"
"karen.williams72@outlook.com","Drift@2026","Drift","United States"
"kimberly.hernandez46@yahoo.com","Drift@2026","Drift","United States"
"lisa.sanchez74@company.com","Drift@2026","Drift","United States"
"amanda.martin9@outlook.com","Drip@2026","Drip","United States"
"james.perez26@company.com","Drip@2026","Drip","United States"
"melissa.thomas35@yahoo.com","Drip@2026","Drip","United States"
"thomas.lopez8@outlook.com","Drip@2026","Drip","United States"
"donna.white60@outlook.com","Dun&Bradstreet@2026","Dun & Bradstreet","United States"
"margaret.jones50@gmail.com","Dun&Bradstreet@2026","Dun & Bradstreet","United States"
"carol.anderson24@gmail.com","Eloqua@2026","Eloqua","United States"
"kimberly.perez59@hotmail.com","Eloqua@2026","Eloqua","United States"
"richard.thomas16@company.com","Eloqua@2026","Eloqua","United States"
"sharon.moore6@hotmail.com","Eloqua@2026","Eloqua","United States"
"barbara.hernandez47@hotmail.com","HubSpot@2026","HubSpot","United States"
"deborah.taylor64@gmail.com","HubSpot@2026","HubSpot","United States"
"dorothy.wilson31@outlook.com","Infusionsoft@2026","Infusionsoft","United States"
"michelle.robinson2@outlook.com","Infusionsoft@2026","Infusionsoft","United States"
"sarah.miller53@gmail.com","Infusionsoft@2026","Infusionsoft","United States"
"thomas.perez21@outlook.com","Infusionsoft@2026","Infusionsoft","United States"
"elizabeth.perez55@gmail.com","Insightly@2026","Insightly","United States"
"emily.lopez23@yahoo.com","Insightly@2026","Insightly","United States"
"kimberly.jones43@company.com","Insightly@2026","Insightly","United States"
"lisa.davis52@company.com","Insightly@2026","Insightly","United States"
"nancy.ramirez41@hotmail.com","Insightly@2026","Insightly","United States"
"patricia.martin39@outlook.com","Insightly@2026","Insightly","United States"
"charles.miller36@outlook.com","LatticeEngines@2026","Lattice Engines","United States"
"linda.white4@hotmail.com","LatticeEngines@2026","Lattice Engines","United States"
"rebecca.lee22@hotmail.com","LatticeEngines@2026","Lattice Engines","United States"
"sandra.ramirez38@gmail.com","LeadFeeder@2026","LeadFeeder","United States"
"emily.harris44@company.com","LeadSquared@2026","LeadSquared","United States"
"michelle.martin51@hotmail.com","Marketo@2026","Marketo","United States"
"james.johnson33@hotmail.com","OracleMarketingCloud@2026","Oracle Marketing Cloud","United States"
"jennifer.lopez67@hotmail.com","OracleMarketingCloud@2026","Oracle Marketing Cloud","United States"
"carol.wilson54@hotmail.com","Outreach@2026","Outreach","United States"
"jennifer.perez12@hotmail.com","Outreach@2026","Outreach","United States"
"sandra.thompson63@gmail.com","Outreach@2026","Outreach","United States"
"sarah.lee73@company.com","Outreach@2026","Outreach","United States"
"william.moore14@yahoo.com","Outreach@2026","Outreach","United States"
"lisa.lee11@hotmail.com","RingCentral@2026","RingCentral","United States"
"dorothy.sanchez66@company.com","Salesforce@2026","Salesforce","United States"
"kimberly.taylor71@company.com","Salesforce@2026","Salesforce","United States"
"mary.lopez34@company.com","Salesforce@2026","Salesforce","United States"
"michael.wilson30@company.com","Salesforce@2026","Salesforce","United States"
"emily.robinson5@outlook.com","Salesfusion@2026","Salesfusion","United States"
"margaret.garcia10@yahoo.com","Salesfusion@2026","Salesfusion","United States"
"rebecca.rodriguez32@company.com","Salesfusion@2026","Salesfusion","United States"
"charles.wilson61@outlook.com","SharpSpring@2026","SharpSpring","United States"
"james.johnson65@company.com","SharpSpring@2026","SharpSpring","United States"
"amanda.gonzalez18@company.com","Terminus@2026","Terminus","United States"
"nancy.lewis57@yahoo.com","Zoho@2026","Zoho","United States"
"william.martin58@outlook.com","Zoho@2026","Zoho","United States"
"dorothy.garcia62@outlook.com","ZoomInfo@2026","ZoomInfo","United States"
"linda.miller13@outlook.com","ZoomInfo@2026","ZoomInfo","United States"
